seller_id,seller_zip_code_prefix,seller_city,seller_state,AR_H_COMMIT_TIMESTAMP,OP
3442f8959a84dea7ee197c632cb2df15,13023,campinas,SP,2017-05-05 16:12:29,I
d1b65fc7debc3361ea86b5f14c68d2e2,13844,mogi guacu,SP,2017-03-28 09:00:00,I
ce3ad9de960102d0677a81f5d0bb7b2d,20031,rio de janeiro,RJ,2018-07-30 12:20:10,I
c0f3eea2e14555b6faeea3dd58c1b1c3,4195,sao paulo,SP,2018-08-03 00:26:04,I
51a04a8a6bdcb23deccc82b0b80742cf,12914,braganca paulista,SP,2017-11-14 12:04:09,I
c240c4061717ac1806ae6ee72be3533b,20920,rio de janeiro,RJ,2018-05-08 17:40:24,I
e49c26c3edfa46d227d5121a6b6e4d37,55325,brejao,PE,2017-02-04 18:51:41,I
1b938a7ec6ac5061a66a3766e0e75f90,16304,penapolis,SP,2017-09-22 17:15:55,I
768a86e36ad6aae3d03ee3c6433d61df,1529,sao paulo,SP,2018-06-19 11:51:55,I
ccc4bbb5f32a6ab2b7066a4130f114e3,80310,curitiba,PR,2017-01-07 13:29:22,I
8cb7c5ddf41f4d506eba76e9a4702a25,75110,anapolis,GO,2018-02-07 22:52:02,I
a7a9b880c49781da66651ccf4ba9ac38,13530,itirapina,SP,2018-05-16 16:16:03,I
8bd0f31cf0a614c658f6763bd02dea69,1222,sao paulo,SP,2017-01-18 10:55:55,I
05a48cc8859962767935ab9087417fbb,5372,sao paulo,SP,2018-08-02 12:05:38,I
7b8e8ec35bad4b0ef7e3963650b0a87b,88705,tubarao,SC,2018-04-02 10:44:37,I
1444c08e64d55fb3c25f0f09c07ffcf2,42738,lauro de freitas,BA,2018-04-28 12:23:26,I
166e8f1381e09651983c38b1f6f91c11,88780,imbituba,SC,2017-07-25 01:53:48,I
e38db885400cd35c71dfd162f2c1dbcf,70740,brasilia,DF,2017-08-20 19:32:32,I
d2e753bb80b7d4faa77483ed00edc8ca,45810,porto seguro,BA,2017-10-06 16:05:51,I
f9ec7093df3a7b346b7bcf7864069ca3,5138,sao paulo,SP,2018-07-05 06:46:44,I
4e6015589b781adaa5ce7f1892d06bb1,11440,guaruja,SP,2017-10-12 19:42:09,I
4cf490a58259286ada5ba8525ba9e84a,14910,tabatinga,SP,2017-03-14 13:06:10,I
f7496d659ca9fdaf323c0aae84176632,4156,sao paulo,SP,2016-10-08 10:55:44,I
2ff97219cb8622eaf3cd89b7d9c09824,13320,salto,SP,2018-02-16 17:17:41,I
8bd0e3abda539b9479c4b44a691be1ec,98910,tres de maio,RS,2017-05-29 19:02:29,I
2a1348e9addc1af5aaa619b1a3679d6b,30494,belo horizonte,MG,2017-01-14 01:16:14,I
2078fe5066350e7d220c0ad3a3bbc6c1,86707,arapongas,PR,2018-03-28 15:49:07,I
116ccb1a1604bc88e4d234a8c23f33de,9850,sao bernardo do campo,SP,2017-11-09 12:05:32,I
430315b7bb4b6e4b3c978f9dfa9b0558,4857,sao paulo,SP,2018-01-09 23:49:14,I
406822777a0b9eb5c50e442dd4cd3ec5,18500,tatui,SP,2017-10-30 16:01:24,I
4dbd95a08b31ede5c82d3f861cb1ce1a,80210,curitiba,PR,2017-05-21 11:56:58,I
e9e446d01bd10a97a8ffcfc4a3a20cb2,2261,sao paulo,SP,2018-06-05 19:53:27,I
d52cbce9845184537284a23c3bc3da0e,88495,garopaba,SC,2018-02-02 00:54:15,I
d9a84e1403de8da0c3aa531d6d108ba6,3562,sao paulo,SP,2018-02-22 15:13:31,I
9c690ceacd5c66731bf443ea810195cb,37650,camanducaia,MG,2017-08-22 20:06:39,I
1f9ab4708f3056ede07124aad39a2554,17602,tupa,SP,2017-01-27 18:00:27,I
1961c3e1272bfeceb05d0b78b5bbfdaf,7241,guarulhos,SP,2018-07-28 23:32:46,I
d3e7d37c0df9aef383f3f2a15b0dddfb,83050,sao jose dos pinhais,PR,2018-07-22 11:50:22,I
ec2e006556300a79a5a91e4876ab3a56,3445,sao paulo,SP,2018-02-02 14:26:45,I
b2a6d334e2833acea353624840e25a0e,4133,sao paulo,SP,2017-08-05 18:56:35,I
d3674f271c91f824f82d24d92011f669,72233,brasilia,DF,2017-07-07 13:26:33,I
768de2a4fc06aacecb9a586ccc30746a,70645,brasilia,DF,2017-08-08 21:31:55,I
a81466620e46a6970b22ef40379fdfc9,88730,sao ludgero,SC,2017-10-11 10:15:04,I
5c030029b5916fed0986310385ec9009,88075,sao jose,SC,2018-06-13 11:43:43,I
c0f783394e37cd9c9d7f5f81141450fa,13416,piracicaba,SP,2017-11-10 13:49:38,I
c353f8fc0ce8344999f17d578eb69a5e,90850,porto alegre,RS,2017-01-23 07:23:50,I
8444e55c1f13cd5c179851e5ca5ebd00,37584,congonhal,MG,2017-03-13 23:13:57,I
41ab63a91b8b264e8c8780368bf1dd5b,31555,belo horizonte,MG,2017-10-05 23:06:13,I
8759e7aedd644f487315e5860962f162,9251,santo andre,SP,2017-11-28 14:16:21,I
e546117ed9cafbc40239c0c78635c584,4705,sao paulo,SP,2018-04-23 17:07:27,I
d71d863e5ef30d94e440c11be17dcd8f,6144,osasco,SP,2017-10-15 20:06:58,I
0c7533c71df861ec58ad7ff999ed0e8d,13270,valinhos,SP,2017-07-11 23:14:57,I
ef990a83bbea832f36ebe81376335aa8,89214,joinville,SC,2017-11-27 20:25:14,I
41e0fa5761c886a630994a55c12087e7,11446,guaruja,SP,2018-04-03 16:31:37,I
0747d5bb69f0586cc869d8af4c50f93e,28990,saquarema,RJ,2016-10-06 13:39:20,I
7d294cf9a6a69dc6a0c3e540fff0e039,88390,barra velha,SC,2018-05-06 20:37:58,I
c89cf7c468a48af70aada384e722f9e2,25730,petropolis,RJ,2017-06-07 16:38:50,I
b7ba853e9551f4558440881fd3e5c815,95500,santo antonio da patrulha,RS,2016-10-04 14:51:15,I
13c2ed7698b3ca92dad49e849219da59,84010,ponta grossa,PR,2018-01-03 20:20:26,I
cbbd5ae8f53de5f5097cd8217b529e24,6544,santana de parnaiba,SP,2017-02-10 21:37:36,I
02ecc2a19303f05e59ce133fd923fff7,9121,santo andre,SP,2017-06-18 18:04:34,I
c013e57c075a06e5b5c48ee03c525719,13568,sao carlos,SP,2018-02-27 15:10:06,I
55f7a3319d80f7fdf078b8f03e6725fe,6056,osasco,SP,2018-07-02 19:54:04,I
2d50d6282f8aa2257819a77bfaa0efe0,14940,ibitinga,SP,2017-08-31 13:43:07,I
b7e1750c1157341d2abd0251e07c186b,5741,sao paulo,SP,2017-02-14 13:18:53,I
b90e891671cffd9557f33a97dc523645,83010,sao jose dos pinhais,PR,2017-08-18 16:54:56,I
a416b6a846a11724393025641d4edd5e,3702,sao paulo,SP,2017-01-26 16:48:24,I
7e93a43ef30c4f03f38b393420bc753a,6429,barueri,SP,2016-10-08 01:28:14,I
5206cc4bc2297c833e6061c49bf9c43f,6192,osasco,SP,2016-10-08 12:13:38,I
ef506c96320abeedfb894c34db06f478,3569,sao paulo,SP,2017-01-23 07:03:04,I
a13aaf2d2886ab9fb30fb9a920160b8f,89207,joinville,SC,2018-07-22 23:58:52,I
7299e27ed73d2ad986de7f7c77d919fa,38440,araguari,MG,2017-03-09 11:09:46,I
8a9260f2b0340411d6d2a56bcf4f7378,32180,contagem,MG,2018-02-17 02:10:19,I
dedcab67899479e4ea5dcc4eba47f587,89258,jaragua do sul,SC,2018-06-10 22:28:53,I
b2479f944e1b90cf8a5de1bbfde284d6,14940,ibitinga,SP,2018-01-12 18:17:53,I
7722b1df1b0e383e000397b2c11e3e19,9715,sao bernardo do campo,SP,2017-01-19 13:06:45,I
731ef20c231d9a7103a425e83fd91271,88501,lages - sc,SC,2017-10-28 16:27:50,I
78813699ffac347fe27dba345a5f1551,95711,bento goncalves,RS,2018-06-24 21:10:34,I
411f3b52d857390502ee4e4d5ceabc2d,9400,ribeirao pires,SP,2018-04-09 18:48:29,I
bba3293d6f5d5af2f415e004e8b93ae3,4726,sao paulo,SP,2017-09-02 21:01:18,I
4e7c18b98d84e05cbae3ff0ff03846c2,14882,jaboticabal,SP,2017-02-04 20:09:10,I
b56906f7fd1696e043f1bcce164c487b,19830,echapora,SP,2016-10-06 14:59:56,I
d650b663c3b5f6fb392b6326366efa9a,6713,cotia,SP,2017-12-03 19:47:05,I
669ae81880e08f269a64487cfb287169,89160,rio do sul,SC,2017-01-20 14:30:03,I
c2d70ce2c5d0a2eb75e78668236e6dc8,4275,sao paulo,SP,2017-09-22 11:58:32,I
674207551483fec113276b67b0d871ff,18040,sorocaba,SP,2018-07-05 16:36:38,I
abe42c5d03695b4257b5c6cbf4e6784e,21235,rio de janeiro,RJ,2017-08-31 17:25:03,I
1996942dc085d7773ba77a529b163cd0,14850,pradopolis,SP,2018-05-29 21:30:08,I
79b93a308a97792cf53ac75f46da00b5,22420,rio de janeiro,RJ,2017-07-23 10:07:01,I
7cf4ea70955b00d6b3c22542598e2715,1125,sao paulo,SP,2018-07-19 14:00:02,I
63ffcb71394dd8ea3872ed9ffda17c74,24813,itaborai,RJ,2017-02-05 13:58:46,I
83353a83fd769dfafa4f21a72b15e3e5,5786,sao paulo,SP,2017-04-01 17:31:42,I
cda598c48d7c614bc1cad7d8ff6f0010,15137,mirassol,SP,2018-03-17 21:11:23,I
d4910f1cdcfdabd48d6b316e395d4a23,9190,santo andre,SP,2018-07-30 13:01:12,I
709e16e2b25c7474d980076c6bfc4806,16200,birigui,SP,2017-10-14 14:08:47,I
276677b5d08786d5dce7c2149dcce48b,31730,belo horizonte,MG,2018-02-01 21:24:28,I
512d298ac2a96d1931b6bd30aa21f61d,20060,rio de janeiro,RJ,2018-01-17 09:54:55,I
422be4cc81a457fdb46f47edeb968ae5,14940,ibitinga,SP,2017-01-26 16:20:32,I
99cd94252748d2bdde08e17858233602,12401,sao paulo,SP,2018-06-20 14:02:25,I
698624c6632eeba1774924dbea24c700,1425,sao paulo,SP,2018-04-05 20:23:53,I
8bb48dc19fccaa8613b6229bf7f452a2,19803,assis,SP,2017-10-17 22:02:00,I
ad87df7699e83b8a91822a4a0b765c3a,13820,jaguariuna,SP,2017-03-21 11:33:31,I
d6b664fa0667064c6d76394e7848d790,14801,araraquara,SP,2017-05-04 01:04:02,I
98f52e1020fe788c10c0418de4393fec,27963,macae,RJ,2017-08-09 15:16:29,I
62760d278921b5f352461620d68a9cee,13320,salto,SP,2017-02-06 12:55:28,I
eb72802c83dc7547529c9546d1a9b8ef,13504,rio claro,SP,2018-05-07 20:36:52,I
3f9be91358837bff69df67edfa3e42e8,86039,londrina,PR,2018-03-30 11:29:18,I
1d4587203296c8f4ad134dc286fa6db0,5101,sao paulo,SP,2017-12-15 11:52:23,I
791cfcfe22fe4a771ece27f90017da92,14010,ribeirao preto,SP,2017-06-12 14:07:14,I
0c8380b62e38e8a1e6adbeba7eb9688c,37410,tres coracoes,MG,2016-10-04 17:25:09,I
37be5a7c751166fbc5f8ccba4119e043,4248,sao paulo,SP,2017-05-03 09:01:56,I
87d73636a3acf123e842bb890a4db036,15190,nhandeara,SP,2018-07-25 15:17:58,I
3d3ccf2b2f8134b10dce9dd446f0e075,14940,ibitinga,SP,2018-06-20 21:14:59,I
e24d3429d294b2eb200b064ebb035879,3514,sao paulo,SP,2018-06-25 09:22:58,I
44073f8b7e41514de3b7815dd0237f4f,71070,brasilia,DF,2017-02-22 23:49:42,I
9d39404483343dd55c7ae254494d8388,1044,sao paulo,SP,2017-11-25 10:53:06,I
f9eda05b67bef472deaddbba84aca289,88870,orleans,SC,2018-06-05 19:06:38,I
75745ef7bc7d4f3ea3380f6f5303f514,70384,brasilia,DF,2017-03-01 16:41:19,I
0692610d8abe24f287e9fae90ea0bbee,2310,sao paulo,SP,2018-06-02 11:14:09,I
7b07b3c7487f0ea825fc6df75abd658b,2016,sao paulo,SP,2017-01-25 15:32:48,I
99002261c568a84cce14d43fcffb43ea,78095,cuiaba,MT,2017-10-18 23:55:51,I
e5899683388855d3dabe8913bbe365de,13575,sao carlos,SP,2018-07-01 22:28:19,I
784ba75dd9d20200c4caed3d7a77141a,1040,sao paulo,SP,2017-03-29 07:03:56,I
099095b050cfe8eb1ddff5317587e96e,3322,sao paulo,SP,2017-12-16 09:01:56,I
0ad80de75c811326389cfb1daba7d45e,20261,rio de janeiro,RJ,2017-10-19 08:38:00,I
b9a03475e6447e631b6799ec8274800f,85830,formosa do oeste,PR,2017-11-06 15:24:21,I
ba6b4a237f92479743cf0ca06b67a9ac,23550,rio de janeiro,RJ,2018-01-17 08:46:59,I
ea00f977a203ff88adf7057cb7806998,11085,santos,SP,2018-07-02 21:01:18,I
82e0a475a88cc9595229d8029273f045,3417,sao paulo,SP,2017-02-22 14:08:00,I
ad75519a07f039025e83795a4418470f,76500,santa terezinha de goias,GO,2018-01-26 15:38:19,I
34aefe746cd81b7f3b23253ea28bef39,81210,curitiba,PR,2017-05-05 03:00:07,I
ed4acab38528488b65a9a9c603ff024a,8260,sao paulo,SP,2017-03-23 16:39:19,I
f0837c8d71434931d9e38e7b79234797,95995,arvorezinha,RS,2017-11-18 12:08:24,I
fce62094ffe6a4009188ec44e681dfdd,4674,sao paulo,SP,2017-02-07 18:01:15,I
ebef8d8c92b4fd3226e5d407bbff21ac,14020,ribeirao preto,SP,2017-01-29 13:42:10,I
d73cbd89533ce8b041a9190241453ac8,36525,guiricema,MG,2017-03-23 12:31:36,I
75a4764c108403a7a0575140cb22287c,95072,caxias do sul,RS,2017-12-12 08:14:21,I
70c0fda4c313d87115644d39e62eec60,55004,caruaru,PE,2018-08-04 15:27:00,I
ffcfefa19b08742c5d315f2791395ee5,80045,curitiba,PR,2018-06-23 17:34:33,I
26e13b6ff5b641b329e5524241ee2c93,14401,franca,SP,2018-08-01 04:52:56,I
0ade5cc4a305ed7093a23f68ca47519c,81030,curitiba,PR,2017-11-24 09:11:25,I
fc59392d66ef99377e50356ee4f3b4e1,40243,salvador,BA,2018-05-20 01:15:58,I
b18dc380845b24038cfc48006478f099,9951,diadema,SP,2017-10-06 06:30:11,I
f22a247b79dd22ecd91dc8e3b2a1b07c,8573,itaquaquecetuba,SP,2018-05-02 15:21:52,I
889009a0ed0bb52c87819941192931b8,18682,lencois paulista,SP,2017-06-01 11:59:38,I
ffc470761de7d0232558ba5e786e57b7,7091,guarulhos,SP,2018-02-20 18:47:21,I
4c498c7345e89aebad651544829beca0,6341,carapicuiba,SP,2017-12-02 18:06:27,I
01bcc9d254a0143f0ce9791b960b2a47,76400,uruacu,GO,2017-08-12 16:25:03,I
f021c962aaba8ef6eb527a9c2c8394d1,88301,itajai,SC,2017-05-17 11:36:51,I
024b564ae893ce8e9bfa02c10a401ece,3280,sao paulo,SP,2016-10-05 12:41:38,I
a513150f33f99a06569e9cd5c4bb889b,1545,sao paulo,SP,2017-11-27 14:19:38,I
02f5837340d7eb4f653d676c7256523a,80620,curitiba,PR,2017-11-01 20:55:07,I
7b98de631987e26dd6d803490c43a13c,87900,loanda,PR,2018-05-22 15:14:41,I
f12ff17ad8bbf01ec5c33b17e506649b,3186,sao paulo,SP,2018-01-03 12:03:50,I
a64e44665225d19dfc0277eeeaaccc57,19400,sao paulo,SP,2018-06-22 15:06:34,I
6a8a889bde935bafa76d7848782dfaf9,2839,sao paulo,SP,2018-03-21 14:04:40,I
42b6488f5b8246d9141712abd4b1b693,87014,maringa,PR,2018-04-12 20:51:03,I
d6cd01c59123df02fc226eadbadb5f89,1207,sao paulo,SP,2018-01-11 23:07:22,I
c8e135e7b21ecbc36c1153a29d2f5a06,1411,sao paulo,SP,2017-02-01 14:39:07,I
229c3efbfb0ea2058de4ccdfbc3d784a,30190,belo horizonte,MG,2016-10-05 07:31:49,I
f9a02f1922d1de564392e656d82b3fda,8502,ferraz de vasconcelos,SP,2017-04-05 09:11:24,I
95ec4458365c4d11f452ccf538377619,13481,limeira,SP,2018-01-16 13:33:04,I
6ec1a01e866584bb679eb9b098345919,11040,santos,SP,2017-07-06 16:18:52,I
f6122bc84774df1b372bdb3bb88ddb9f,6436,barueri,SP,2017-10-04 09:43:36,I
fa40cc5b934574b62717c68f3d678b6d,2310,sao paulo,SP,2016-10-10 00:01:50,I
623ad9d0c1e14bb5464a8c72bff7b4af,35530,claudio,MG,2018-05-13 20:05:37,I
c0098efcf800861dcae589affca31408,14080,ribeirao preto,SP,2017-12-06 18:59:33,I
a63bfbaa882c8f4542891b4e2246cc7f,24355,niteroi,RJ,2018-06-11 23:01:49,I
48b6c3f4c6a93171da04b75313f2130f,17700,osvaldo cruz,SP,2018-03-09 18:08:44,I
270d3ef21830ad0ecf3a6c53d08a533a,6380,carapicuiba,SP,2017-12-06 14:04:08,I
89c127985a8b130cfa45c1d36764017a,6016,osasco,SP,2017-06-30 10:13:23,I
8b2492b7ff4468839593fafeed55bad9,24451,sao goncalo,RJ,2017-08-29 08:50:49,I
1e9d5a33694bddb76316fd1f54734d20,78820,jaciara,MT,2018-07-18 13:52:51,I
5e49e3a44bdeb5aab2684258bbd4f525,88330,balenario camboriu,SC,2017-12-14 11:30:41,I
8e34331b7eedd03be4e5d965c1956225,4009,sao paulo,SP,2018-01-22 11:43:20,I
aaed1309374718fdd995ee4c58c9dfcd,89120,timbo,SC,2016-10-09 11:43:43,I
11d4c477d09821164bca4f70a2eae031,14075,ribeirao preto,SP,2017-07-18 20:52:33,I
ff314fa6033cc68ec451c47aee2d6ba4,5424,sao paulo,SP,2017-01-25 09:09:46,I
d1c7fa84e48cfa21a0e595167c1c500e,99730,jacutinga,RS,2018-03-24 18:25:24,I
c7246702dc991a06d788120dc7544391,60440,fortaleza,CE,2018-02-19 22:45:39,I
e819bcfade7b5d88a27325eb6cfd62c5,7242,guarulhos,SP,2018-07-20 14:35:51,I
6d2f2e3b539480db1e0842b3a4e32e6e,7051,guarulhos,SP,2017-06-09 14:43:13,I
e88165a185134e13fdfc85d4fa654db8,8517,ferraz de  vasconcelos,SP,2018-05-16 20:57:48,I
9e6229250fedbe05838fef417b74e7fb,16800,mirandopolis,SP,2017-09-24 23:53:13,I
5abb8ea023c77787f2c15da891c8d384,89228,joinville,SC,2017-02-17 17:37:52,I
817245bcc3badd82bbd222e0366951a6,17056,bauru,SP,2017-11-14 22:19:50,I
caa9bc43a9fe8cf9c564ddd8a03cc4a6,12308,jacarei,SP,2018-04-16 13:04:33,I
615005a3ef192c00c6f0e977cee3d2bc,13304,itu,SP,2017-08-17 12:46:48,I
1284de4ae8aa26997e748c851557cf0e,85301,laranjeiras do sul,SP,2017-05-11 18:46:35,I
5fd924b4836098a5be0ecf81ba054ce0,3554,sao paulo,SP,2017-01-17 20:38:15,I
7178f9f4dd81dcef02f62acdf8151e01,89560,videira,SC,2017-03-21 22:01:26,I
8132b9bd16876e1b0f8808d43825dd48,88058,florianopolis,SC,2017-05-05 18:20:43,I
3f995f07c49d0d55a99d5c54957f7d81,6853,itapecerica da serra,SP,2017-04-13 13:13:48,I
a6bd7d1ccdac48c6b33b28596b7eb122,58280,mamanguape,PB,2017-06-28 08:47:01,I
6650fcccd8cd2f7e55ffa524f30c4c59,8490,sao paulo,SP,2017-09-05 18:26:23,I
3db66a856d18a9cba7c9241fc5221c50,35430,ponte nova,MG,2017-04-20 17:15:47,I
8b181ee5518df84f18f4e1a43fe07923,87360,goioere,SP,2018-05-30 09:21:06,I
10ff823eda2b032e2c93d17a7d294736,17280,pederneiras,SP,2017-06-14 17:47:53,I
b4a476fbd28de64b1e347abf9089366a,6653,itapevi,SP,2017-03-29 19:09:42,I
39c763cca83e654764b7a4a650fb9b7c,74563,goiania,GO,2017-09-14 20:57:31,I
dadc51ef321949ec9a3ab25cd902e23d,4821,sao paulo,SP,2017-09-15 15:51:13,I
83b08de96980757220871b31bf6cffca,21820,rio de janeiro,RJ,2017-10-13 15:52:21,I
14a08204d03bb6b6bde8029f801ae0eb,1026,sao paulo,SP,2018-03-15 20:13:55,I
bee36b4f9a2b9fdcaff6ec05df202ed0,3308,sao paulo,SP,2017-02-11 17:06:41,I
28872dc528e978a639754bc8c2ce5a4c,95070,caxias do sul,RS,2018-06-11 22:55:43,I
c85d7b477a709c85a1e8b8f25aa1b270,9640,sao bernardo do campo,SP,2017-06-28 21:28:34,I
739c7d7be81f63812dea0d1b1451c651,58400,campina grande,PB,2018-05-16 13:11:47,I
657969cca82e884d272385ec0ef06edd,93608,estancia velha,RS,2018-05-01 10:10:41,I
455befea1bb853c75ccbca94cff26e5c,27525,resende,RJ,2018-06-07 08:36:30,I
800214c63934acd05d47e84214db8ba8,89251,jaragua do sul,SC,2017-03-31 12:33:22,I
5cf1ec37aea089f45110c70653a166ab,2215,sao paulo,SP,2017-04-01 11:23:53,I
0a82f5fb06a4fe4ac2cf7cb412ec71b8,5524,sao paulo,SP,2018-02-03 13:14:01,I
e45edf75f568ed2f93f78d060e246e25,22790,rio de janeiro,RJ,2018-06-06 11:26:30,I
3d621842b2ed28e2b474132480edac3c,8041,sao paulo,SP,2017-05-04 16:44:16,I
baf15155e37ef5492731459bdc05be8a,5715,sao paulo,SP,2017-03-16 11:18:01,I
c0aff2da32c17759d30b22fb0af6649d,88032,florianopolis,SC,2018-06-11 13:15:42,I
a17f621c590ea0fab3d5d883e1630ec6,18055,sorocaba,SP,2017-03-23 22:10:46,I
4deebb3199eeafb282ae33229144f94b,2112,sao paulo,SP,2018-01-14 18:19:35,I
9d69ba0a7a626a64dc5db08e529559cf,14075,ribeirao preto,SP,2018-07-13 19:38:58,I
f92d8c817434bd2d84d4e9c61322b7fa,18048,sorocaba,SP,2018-01-19 14:57:16,I
8ca5b19e0263150d2c57afdde2b3d011,9336,maua,SP,2017-10-26 12:58:12,I
eec3469d83e142f9a104886655338c37,17030,bauru,SP,2017-02-03 16:32:12,I
55bb6fe5bebe5012e2d7d9928e1128ff,17052,bauru,SP,2018-01-20 21:20:55,I
d180e07dc1e58c31c3f0cd599dc4d945,30620,belo horizonte,MG,2018-01-26 14:08:25,I
d6b1ce66b035a475f00c017792ff9769,13327,salto,SP,2018-03-17 14:39:25,I
3aa3c89ae3cd482385568be76120f63c,74343,goiania,GO,2018-06-07 22:36:29,I
fe4cd9461203cee790d36792420b310f,35300,caratinga,MG,2017-03-13 08:11:00,I
f5fea3ffed6c2e889bab72705557c63a,21240,rio de janeiro,RJ,2017-02-23 12:18:09,I
ececbfcff9804a2d6b40f589df8eef2b,14407,franca,SP,2017-06-26 16:05:09,I
a254c682cc01e119f83530446f1df9a9,16500,cafelandia,SP,2018-03-19 13:24:33,I
830379336fad8c6f3b15a4a3ddb5c66e,2518,sao paulo,SP,2018-04-21 17:34:58,I
7d13fca15225358621be4086e1eb0964,14050,ribeirao preto,SP,2018-02-14 21:11:44,I
1b4c3a6f53068f0b6944d2d005c9fc89,88730,sao ludgero,SC,2017-02-16 17:42:42,I
b92e3c8f9738272ff7c59e111e108d7c,36502,uba,MG,2017-01-17 22:26:00,I
b8555308bfdb4ca1ed54325a58da9a97,9751,sao bernardo do campo,SP,2017-12-11 13:47:29,I
71593c7413973a1e160057b80d4958f6,3407,sao paulo / sao paulo,SP,2018-08-03 13:19:41,I
1dc2de47ee26a0a5b12dc14fd6dc0dea,14940,ibitinga,SP,2018-02-01 09:48:31,I
6c6e3d67f969468f3bfd33f827a31222,87035,maringa,PR,2018-03-11 22:56:57,I
66d5ae34537110d3affc56174dad2b2f,15062,sao jose do rio preto,SP,2018-07-08 18:44:18,I
781a66c0d89e30814d49fe8b5e14cd07,13064,campinas,SP,2017-11-15 12:41:09,I
a4bd6e9adf39b63f43dc545d3ca1f53d,21020,rio de janeiro,RJ,2017-04-15 09:42:38,I
f88adb15807168d3c43d71021090ce4a,13660,porto ferreira,SP,2018-04-23 22:45:21,I
fa8d335d68129e464e60c1826a683e96,95660,tres coroas,RS,2017-10-20 08:49:05,I
f12d3c2a14729ae461b920c11fe20fdc,9080,santo andre,SP,2018-05-03 20:25:44,I
4917cee8d902e13428c3ec4b1ca6f315,89031,blumenau,SC,2017-05-21 10:32:54,I
741f8c587cb4248ebc5b779a0e8e0e51,9110,santo andre,SP,2018-07-12 19:37:30,I
4bcec44888b30ba9001234c534716d3f,9230,santo andre,SP,2018-01-06 11:57:52,I
a663d9c3797e90eac99ff60939416a56,3951,sao paulo,SP,2018-05-16 13:31:20,I
dff87e4de60c9736ce8df835951b09bc,3172,sao paulo,SP,2017-11-12 19:43:04,I
ac1ed5fc15901fbc92920361eb4ab350,3334,sao paulo,SP,2017-06-17 13:34:04,I
f9903dd0f812c7e771fcad47b6fff231,89070,blumenau,SC,2017-11-15 10:43:50,I
ac9b01377919cdbd2a1bbb8d5837c70b,8773,mogi das cruzes,SP,2018-08-05 18:53:35,I
5011f0d93373a4c5753adf58ca77af8d,11013,santos,SP,2017-08-16 11:32:22,I
a4e634166243bbb3a13fa584463fa468,6286,osasco,SP,2018-02-26 06:37:45,I
50bf89f1349bc0409a268c3a49678009,15155,jaci,SP,2018-07-02 00:11:34,I
50c9975695009e5e6473912e83a6d1da,35530,claudio,MG,2017-02-05 15:53:52,I
42d4b7e70819438f5ada61c965e92d7e,74045,goiania,GO,2018-03-20 14:07:40,I
7aa4334be125fcdd2ba64b3180029f14,18500,laranjal paulista,SP,2017-02-28 10:08:49,I
b14db04aa7881970e83ffa9426897925,18048,sorocaba,SP,2016-10-06 17:45:30,I
fac1a9017ade7bdc94058fc1c969f355,1126,sao paulo,SP,2018-05-11 15:21:35,I
31ae0774c17fabd06ff707cc5bde005f,13478,americana,SP,2017-05-08 16:25:25,I
f0ec6a2adb05c62655a26dd347b8dede,1303,sao paulo,SP,2018-04-11 17:08:59,I
cc1f04647be106ba74e62b21f358af25,2739,sao paulo,SP,2018-06-22 12:48:41,I
1099a00e0ee3a50935e6c2447ca090c5,20921,rio de janeiro,RJ,2017-11-09 18:46:46,I
3d700782d7818f2c1e0d7a9e9d75fc00,86170,sertanopolis,SP,2017-04-23 20:56:12,I
a3e9a2c700480d9bb01fba070ba80a0e,14940,ibitinga,SP,2017-05-09 22:58:25,I
c3f5668699a1b04c0fa61ecea1e2bff6,86808,apucarana,PR,2018-03-26 06:56:38,I
80f2cf9abf6b5a0e5c612b5eea6646e6,15046,sao jose do rio preto,SP,2018-04-05 08:21:18,I
516e7738bd8f735ac19a010ee5450d8d,22230,rio de janeiro,RJ,2018-05-11 18:34:36,I
9f505651f4a6abe901a56cdc21508025,4102,sao paulo,SP,2017-10-05 10:35:03,I
17adeba047385fb0c67d8e90b4296d21,7052,guarulhos,SP,2017-03-08 10:44:37,I
7142540dd4c91e2237acb7e911c4eba2,16301,penapolis,SP,2017-03-10 11:30:03,I
c04d70d515d15a7e3db3a73320598566,24020,niteroi,RJ,2017-05-24 22:17:27,I
a3a38f4affed601eb87a97788c949667,89204,joinville,SC,2016-10-05 20:20:57,I
744dac408745240a2c2528fb1b6028f3,83408,colombo,PR,2017-04-22 21:39:15,I
9b013e03b2ab786505a1d3b5c0756754,11450,vicente de carvalho,SP,2017-10-19 13:21:58,I
8b9d6eec4a7eb7d0f9d579ce0b38324d,26562,mesquita,RJ,2018-05-13 23:56:22,I
38e679b9e0064cd94c6f035707344dae,86010,londrina,PR,2016-10-06 18:11:11,I
5444b12c82f21c923f2639ebc722c1ea,2051,sao pauo,SP,2017-04-25 01:25:34,I
83deb69e889cf80f82be1dc6d5f2d486,88056,florianopolis,SC,2017-07-17 22:19:33,I
54aa8463e87776b5612f4bdc4bd5d4de,30550,belo horizonte,MG,2016-10-07 10:57:46,I
2e7ea2aafec5835e781b21d6d1faf1f1,2820,sao paulo,SP,2018-07-05 18:35:55,I
79ebd9a61bac3eaf882805ed4ecfa12a,85802,cascavel,PR,2017-10-10 23:13:16,I
1cbd50a8c52e6cf8e315c5709fab386f,83830,fazenda rio grande,PR,2018-01-23 12:49:41,I
e503f22be6a4f456d9851920a5d9c670,4508,sao paulo,SP,2018-07-30 12:28:26,I
88af55b4a7ca402b27df16f7c7c9b5d2,6775,taboao da serra,SP,2017-03-30 15:23:23,I
5f3ae9136c875522250f8184f253413a,1550,sao paulo,SP,2018-01-15 12:02:56,I
b026643914f651e8371425e5b8a1e780,22783,rio de janeiro,RJ,2017-07-07 10:26:23,I
26af45f5dfd967225a832838aa4e24a3,81070,curitiba,PR,2018-01-11 13:15:43,I
9dd459b29a14bf89d47183cf2cd0e4c7,4716,sao paulo,SP,2018-01-14 18:16:33,I
8e6d7754bc7e0f22c96d255ebda59eba,12233,sao jose dos campos,SP,2017-12-30 16:52:49,I
e250d617a0ad591ba9bd663e584a895d,7084,guarulhos,SP,2018-02-26 19:29:46,I
92c8bc6e8f925792247656fed09aad65,3384,sao paulo,SP,2017-08-30 17:50:54,I
e53d5b9b29d1218281f4a907ada18626,85903,toledo,PR,2018-07-20 16:50:02,I
3ca08eeb8d5595949fed424bd3677742,82510,curitiba,PR,2017-05-11 16:20:58,I
cbd996ad3c1b7dc71fd0e5f5df9087e2,15081,sao jose do rio preto,SP,2017-02-15 21:50:37,I
8daab2245ebdc277c51098d01c5ad8ef,8411,sao paulo,SP,2018-04-04 22:25:36,I
15b3b1b81484422eb41df68ac87f1f50,17047,bauru,SP,2017-11-24 23:01:08,I
e067ad2c1c0b48758eb1b5228bcf7a68,11045,santos,SP,2017-02-01 12:44:51,I
f626e15b7314c267e4429010866f70e9,85960,marechal candido rondon,SP,2018-02-24 09:33:05,I
f1fd5ab1181f827ffad998c1a5de7d74,80010,curitiba,PR,2017-11-16 13:58:07,I
a7c88262832dfc683781d6a421edefae,8710,mogi das cruzes,SP,2017-03-13 17:02:01,I
6b1c4d4d9ccf0be3d8544eb0e71e5318,91130,porto alegre,RS,2018-03-21 14:29:14,I
4e85b538b0dad58852641540686d0e14,12238,sao jose dos campos,SP,2017-07-27 08:45:34,I
093805f8f2aeb63881444571e1f48f30,6236,osasco,SP,2017-08-31 20:38:35,I
5acd070dd3fe441bbb2ec1f1ede515ee,13203,jundiai,SP,2017-11-24 16:24:26,I
3c010235b7345c92f125d14ee232a76b,83800,mandirituba,PR,2018-07-02 13:16:53,I
cb9fb4ca75d7ba8437480e8dde64fe98,3551,sao paulo,SP,2017-06-07 16:32:26,I
ce33c6211beaa8fef4cae8b52db39862,8655,suzano,SP,2017-02-12 15:53:19,I
081acf3de680d554796c9cf041be7bc2,33200,vespasiano,MG,2017-11-27 14:39:18,I
6989574bd97d9773f10d232b6c07da59,80040,curitiba,PR,2017-03-22 23:17:07,I
8501d82f68d23148b6d78bb7c4a42037,89031,blumenau,SC,2017-03-11 19:51:36,I
7f02656561b680def9986c0795a8a080,1417,sao paulo,SP,2017-08-18 13:19:58,I
57a834594e1e9e9219603bfec184eadc,98780,santa rosa,RS,2018-06-03 14:21:44,I
8fd3b4468f6425810648177996c14cbd,15015,sao jose do rio preto,SP,2018-06-13 11:33:32,I
6d803cb79cc31c41c4c789a75933b3c7,14600,sao joaquim da barra,SP,2017-07-25 00:16:20,I
5f2684dab12e59f83bef73ae57724e45,5125,sao paulo,SP,2016-10-04 20:41:45,I
713e3a23ca5e47786eb6f0d99f94cfac,81050,curitiba,PR,2018-02-06 13:32:02,I
f97e2b0650c2068227e1d366140eb62f,13830,santo antonio de posse,SP,2017-06-14 17:57:21,I
8b321bb669392f5163d04c59e235e066,1212,sao paulo,SP,2017-10-27 15:34:03,I
32f83ffe11cd40f7adcf4eef171f52d9,97502,uruguaiana,RS,2017-11-19 13:22:29,I
76d64c4aca3a7baf218bf93ef7fa768d,80215,curitiba,PR,2017-05-25 08:39:38,I
d06d019f72a04e5497a0b64190af170c,6703,cotia,SP,2018-03-28 11:15:26,I
ec80e49e69745ab6c14f984bf2149423,13480,limeira,SP,2018-02-04 22:12:07,I
f8f35af4634605e6693c17cc3ffff5a8,37400,campanha,MG,2017-11-12 18:04:56,I
004c9cd9d87a3c30c522c48c4fc07416,14940,ibitinga,SP,2017-01-27 10:34:34,I
3bdff180c7e1f6551a643b99c265a120,4811,sao paulo,SP,2017-02-01 17:39:57,I
6b89abe95848c850399130d149a39b63,75640,piracanjuba,GO,2018-02-15 23:30:37,I
aced59e9b31ef866a94f9e7f29d8d418,3306,sao paulo,SP,2017-02-13 11:50:50,I
b4f8921fcc4ff77b66bea6dda43dcd51,95034,caxias do sul,RS,2018-05-19 16:23:57,I
d2572f31e9023e9850ef986a636ff9bf,30640,belo horizonte,MG,2017-03-25 12:28:48,I
c731d18cea9bf687ffee82a241c25b11,89701,concordia,SC,2017-02-23 12:20:44,I
3dc69bf2c42f0568a5c4791ec3fd3745,2880,sao paulo,SP,2017-11-14 06:00:37,I
d8d9567d0bfb0bc7eb845a205ba42657,3688,sao paulo,SP,2018-03-28 22:20:31,I
0daf5180aa44356f60f8effa533b55a2,74043,goiania,GO,2018-07-30 12:19:23,I
5194c22ed1f616ec0c0f33c571542879,37540,santa rita do sapucai,MG,2018-06-21 13:37:25,I
fe8055980a4ff7f64ed889c2b5926929,81925,curitiba,PR,2018-06-11 13:46:46,I
c42fd8e4d47dfb18ce5222f2dd7752f9,6246,osasco,SP,2017-02-13 11:10:57,I
671585f5a2af58b6e276bc01003c0d2b,80510,curitiba,PR,2018-07-27 21:43:27,I
2dd1fb6f0e42a2243b8a01e40cd41216,80240,curitiba,PR,2017-02-20 08:35:25,I
a7c53f6b3b61adbdaa99dda97e8cbd56,14780,barretos,SP,2017-03-06 20:29:58,I
a11a0e0ca67423425691db355cff69b0,13330,indaiatuba,SP,2018-07-31 10:29:51,I
5bffbafbb22daf6d3bfc216a46db8708,26525,nilopolis,RJ,2017-02-25 14:34:40,I
011b0eaba87386a2ae96a7d32bb531d1,17580,pompeia,SP,2016-10-06 07:08:15,I
43753b27d77860f1654aa72e251a7878,44895,barro alto,BA,2017-09-08 12:12:48,I
822b63912576852aea9a8436d72317b7,13840,mogi guacu,SP,2016-10-04 19:25:29,I
a3fa18b3f688ec0fca3eb8bfcbd2d5b3,4557,são paulo,SP,2018-04-30 10:10:48,I
5587130f9850696ed7fafbc91c2cee44,4311,sao paulo,SP,2018-07-13 17:55:51,I
9c1c0c36cd23c20897e473901a8fb149,11702,praia grande,SP,2018-05-18 18:22:51,I
34a557286ead8fe75c989e0afcf7d98c,14406,franca,SP,2018-05-14 17:20:48,I
c716e0b86ed568878475b60fbb6323ad,22783,rio de janeiro,SP,2018-03-26 13:11:28,I
455c5640e8c5bd1b2ee85c0158f85727,89128,luiz alves,SC,2018-02-15 13:43:21,I
87d30a6a0cbf89356e49324971ab1d24,2036,sao paulo,SP,2017-12-21 13:48:26,I
217f005bb37ff3aeef5b2ae1788e75ba,6038,osasco,SP,2017-04-21 20:16:02,I
cac4e0bc1a3269fa2b6ea5e763f6115b,88351,brusque,SC,2017-11-26 20:39:49,I
8ec76bb0965af3f007692b26fa9d6623,88804,criciuma,SC,2017-11-17 15:31:37,I
aba1721a889e04decc910aa13b768ef4,5729,sao paulo,SP,2017-02-08 14:36:40,I
7238f877570096ae403c51898fa64566,6519,santana de parnaiba,SP,2018-04-11 19:11:36,I
643c01d7c56a724bec0454f4780e8a3e,89222,joinville,SC,2018-04-05 11:51:59,I
cab85505710c7cb9b720bceb52b01cee,2252,sao paulo,SP,2016-10-08 04:01:53,I
312ba1d77e9c332ef21f9598b7f64cd7,7179,guarulhos,SP,2018-01-29 11:36:06,I
8c3b533c63cca56240f94f1e3a6b18ef,31050,belo horizonte,MG,2017-02-05 18:47:44,I
1fdc574883ef3b33ad41562d93f3a74a,13480,limeira,SP,2017-11-26 23:00:00,I
9a03a4e9eb0b947652fae4f6121a3f5e,15805,catanduva,SP,2018-01-02 12:52:36,I
33cbda8716511e27e556dff9d8418bf2,89052,blumenau,SC,2017-03-30 14:48:27,I
6cd68b3ed6d59aaa9fece558ad360c0a,31255,belo horizonte,MG,2017-01-26 17:40:03,I
3df020b72d3d44b3af9d110fa3940b65,15704,jales,SP,2017-07-14 12:40:11,I
537eb890efff034a88679788b647c564,20270,rio de janeiro,RJ,2017-07-17 16:21:05,I
89de2d6f23e9746ff309705b23581faa,86060,londrina,PR,2018-07-16 18:40:53,I
c611f4ce9ce875bcc063fa97fd4d7d12,12944,atibaia,SP,2018-07-31 14:42:55,I
4be2e7f96b4fd749d52dff41f80e39dd,69900,rio branco,AC,2016-10-05 22:44:13,I
48fb026ed7455a42f5d3e9390ed5088e,27321,barra mansa,RJ,2017-05-24 12:42:59,I
0d33a55da925bbf1ff02af5f6059fc7f,5632,sao paulo,SP,2017-11-09 12:56:00,I
cea729054f157f5870bdd321a958d994,3161,sao paulo,SP,2018-03-27 00:17:22,I
955fee9216a65b617aa5c0531780ce60,4782,sao paulo,SP,2017-07-24 11:33:53,I
0f0c984a4a955310903b6b6008660bad,14403,franca,SP,2018-04-24 18:30:34,I
f805b96fa705ba7995a221f1749dc141,87013,maringa,PR,2017-06-28 12:18:17,I
751bdc4d83a466c7206cd42e8f426b03,9405,ribeirao pires,SP,2017-05-18 11:36:28,I
2f4b0d3b9634b647d4edee577d7ebb7e,2310,sao paulo,SP,2018-01-26 16:15:02,I
ba5daa4041e1f15cdf34b76e3e18a450,4363,sao paulo,SP,2018-02-03 12:38:58,I
6e386f64c84e482f0b9abf960797ee1b,1539,sao paulo,SP,2018-03-25 23:20:35,I
83c465a786b06574376909b35ef6752a,13560,sao carlos,SP,2018-06-25 20:24:55,I
d93b8458c6fe139d85cfa5eadbf55bd2,2238,sao paulo,SP,2017-11-19 19:35:01,I
71592660bbcb6a4664e97b6f8b68babc,15055,sao jose do rio preto,SP,2018-02-16 19:32:22,I
6a53b90c3ad9e0b56d9fe5c69165fff5,82220,curitiba,PR,2018-05-16 19:57:22,I
38f276ca6e7cc95a6d1bb55ac9e5550f,17520,marilia,SP,2017-11-26 18:08:38,I
eae9af4811c294c56795d70e715b7337,3060,sao paulo,SP,2017-10-17 01:24:28,I
039b29ff3b3473435d0cd59040575de9,9443,ribeirao pires,SP,2018-04-26 11:32:03,I
ac51cac5e20d69ff485a54746488ef48,14096,ribeirao preto,SP,2018-01-14 18:50:16,I
4221a7df464f1fe2955934e30ff3a5a1,48602,bahia,BA,2018-06-27 20:35:02,I
48e954b2da4f6a750c844173b347ed40,91740,porto alegre,RS,2018-04-09 21:04:43,I
fc4751cfe3b279c419615b9b00c1abb4,86047,londrina,PR,2017-02-16 15:53:00,I
e1a210d482714ce337763a19aef94ba4,85807,cascavel,PR,2017-04-30 15:59:34,I
085f6f7e049c996695fb2074fe38d45e,12020,taubate,SP,2018-02-26 14:22:19,I
34675b28b826facfde119785bf287dc1,85802,cascavael,PR,2017-08-01 22:00:44,I
7d7866a99a8656a42c7ff6352a433410,1320,sao paulo,SP,2018-07-03 23:18:04,I
5a93f3ab0ef4c84ed5e1b5dbf23978bc,12250,monteiro lobato,SP,2017-05-09 08:38:27,I
64cc804291f90c81f02bfc2bb58ff55a,81250,curitiba,PR,2018-04-15 00:08:41,I
e1b12447a7563944843191754aeb5562,7145,guarulhos,SP,2017-09-12 13:52:02,I
2f3d8b4c9e2ee165075331fea3f3095a,88107,sao jose,SC,2017-10-13 10:57:04,I
1fe5540d7c1c37a595fefbacd5570d9e,25850,paraiba do sul,RJ,2018-08-02 15:58:56,I
d3f39f05462b79a4562d35893a28f159,13730,mococa,SP,2017-06-21 18:27:41,I
528ce32f560edd11add4169f6a5b65be,18130,sao roque,SP,2017-05-02 10:01:50,I
b86a47b3366e3b5424a7b225781f4908,37900,passos,MG,2018-01-05 10:01:43,I
0176f73cc1195f367f7b32db1e5b3aa8,14940,ibitinga,SP,2017-11-16 17:42:52,I
01cf7e3d21494c41fb86034f2e714fa1,85603,francisco beltrao,PR,2016-10-06 18:03:01,I
ceaec5548eefc6e23e6607c5435102e7,3821,sao paulo,SP,2018-01-18 21:47:52,I
c8771b1a10bb99bb34d3c459c5cffb53,36512,tocantins,SP,2017-05-30 16:14:58,I
2d42ebcda99fd55f6f4bc2f1ca035d50,76400,uruacu,GO,2018-06-24 13:21:50,I
e9bc59e7b60fc3063eb2290deda4cced,87083,maringa,PR,2017-03-07 16:07:57,I
13d95f0f6f73943d4ceffad0fc2cd32c,74473,goiania,GO,2018-03-13 12:23:51,I
6f229cc508fc6915ed5c499efd93baa4,21931,rio de janeiro,RJ,2017-08-11 13:26:28,I
83f2b4881141ce3fcd4e985125d3279e,14055,ribeirao preto,SP,2018-01-24 08:45:48,I
c8c1bea22194a4eefa2dc9a9fa89f536,88210,porto belo,SC,2018-06-04 10:34:10,I
b0b346d3a89f5eb4c2968af3f083cd43,13105,campinas,SP,2017-11-14 12:22:53,I
a0415d9b25ede3c4b1e477e9916ffc03,26255,nova iguacu,RJ,2017-04-09 11:23:37,I
3dfd3dc96f7f8598eca74e9ac8a2fa31,3343,sao paulo,SP,2017-11-13 12:02:55,I
e5545d4d4473876ea78c5bcebca365c3,17512,marilia,SP,2018-06-27 11:45:21,I
fa1a9dec3a9940c072684a46728bf1fc,88820,icara,SC,2016-10-06 12:22:07,I
6ddc28b61be28373b4503a1f61cf98a9,3543,sao paulo,SP,2018-06-14 17:31:48,I
c5ebe6598748b0aeaa61cfb820478b92,95910,lajeado,RS,2018-07-04 22:19:41,I
5670f4db5b62c43d542e1b2d56b0cf7c,3694,sao paulo,SP,2018-04-23 19:03:35,I
e1c76f339ebd5460999f25a2aa8c92c5,3029,sao paulo,SP,2018-05-12 17:51:47,I
cb8bcce248bb1fb274ba762d8b971456,37540,santa rita do sapucai,MG,2017-01-26 00:16:29,I
6524b847b982cd56bb5d4b02b776ee42,13042,campinas,SP,2018-02-14 11:42:55,I
610f72e407cdd7caaa2f8167b0163fd8,1201,sao paulo,SP,2018-04-03 00:05:04,I
b6d44737c043328708f6749c2dbe50bd,9230,santo andre,SP,2017-03-15 12:56:04,I
972d0f9cf61b499a4812cf0bfa3ad3c4,88359,brusque,SC,2017-10-22 15:28:07,I
8c91bfea4263b8fba54081460693e2a1,98920,horizontina,RS,2017-02-05 21:37:59,I
38af8acfd46ac4a7bf754e8ca6736664,4364,sao paulo,SP,2017-11-27 23:02:54,I
d90fe2229fee1a5da999ccd0c06c1667,3416,sao paulo,SP,2018-07-22 13:03:37,I
75fdd0a732287f9497b179f6bd445d32,9350,maua,SP,2017-09-19 00:19:17,I
5b2e94f2c22b39ccc24d34ad0f669672,1214,sao paulo,SP,2018-05-02 14:36:01,I
e5bd51692380fd8cabb19b756b95e714,9220,santo andre,SP,2017-12-20 22:59:28,I
cfb1a033743668a192316f3c6d1d2671,18110,votorantim,SP,2017-02-01 09:12:31,I
adcf50477d6a1f5d91bb9d54c4903cb5,35530,claudio,MG,2017-02-08 17:01:04,I
8476243f92442881ddd5b578975cf115,93700,campo bom,RS,2018-03-14 10:12:48,I
f2336e113377dd21c744d9c4fc8293a9,3659,sao paulo,SP,2017-02-22 17:46:56,I
f25e239052084705e17a982bc600ab2a,1123,sao paulo,SP,2017-03-18 17:56:04,I
714b9a1332840f257b49f476bea4e341,15910,monte alto,SP,2018-01-08 11:48:47,I
89d9a386b0b6e5fc8403071b03f7206a,3103,sao paulo,SP,2018-02-10 12:07:53,I
bd15ee794d5e640d9dd71b665b2ab15b,14078,ribeirao preto,SP,2018-03-21 12:59:12,I
f326006815956455b2859abd58fe7e39,15601,fernandopolis,SP,2017-11-07 14:07:03,I
bac692d6c0ed08467878018e6cc9c26c,89041,blumenau,SC,2018-07-31 16:21:04,I
6a51fc556dab5f766ced6fbc860bc613,17500,marilia,SP,2017-04-08 19:06:55,I
a90a5da8b09e44264a177c0374a5ac87,84010,ponta grossa,PR,2017-02-20 22:26:06,I
ea6b12bf9ffe2bac34602ec631d97a47,7093,guarulhos,SP,2016-10-05 22:49:57,I
dc64d75cc406bb0697be983831430e60,31560,belo horizonte,MG,2018-05-22 15:15:50,I
fa7ad8ae9bcb2c4493fdf38e96b1d74f,13920,pedreira,SP,2017-11-13 00:07:07,I
d1ef48b38baca7e831711c4a0aeb398f,86800,apucarana,PR,2018-02-23 12:26:34,I
67e43d802fde8cfd3f9580124f8167d1,7062,guarulhos,SP,2017-02-03 11:31:48,I
f18112da765e0971ca5d510dec322bdd,88351,brusque,SC,2018-01-01 22:11:36,I
259f7b5e6e482c230e5bfaa670b6bb8f,8550,poa,SP,2017-03-23 14:28:37,I
dd7ddc04e1b6c2c614352b383efe2d36,3471,sao paulo,SP,2017-04-26 10:53:06,I
f457c46070d02cadd8a68551231220dd,87047,maringa,PR,2017-12-23 17:20:36,I
5962468f885ea01a1b6a97a218797b0a,82040,curitiba,PR,2017-07-01 16:58:53,I
1f50f920176fa81dab994f9023523100,15025,sao jose do rio preto,SP,2017-04-03 22:00:31,I
2b1a40c1daabc6ca280c4b815c101841,35500,divinopolis,MG,2016-10-09 11:23:21,I
26b482dccfa29bd2e40703ba45523702,13450,santa barbara d´oeste,SP,2018-07-31 20:37:46,I
2ba91c7ad80ff88b23b7db823b43c233,13310,itu,SP,2018-04-04 12:42:36,I
3d0cd21d41671c46f82cd11176bf7277,89217,joinville,SC,2017-08-08 20:26:31,I
d93919c944be9cff128f6c9cb899eacb,13375,mombuca,SP,2017-11-29 14:47:08,I
f7ba60f8c3f99e7ee4042fdef03b70c4,9628,sao bernardo do campo,SP,2017-07-31 16:03:55,I
0ee4fb99ac55ffbbc98795aa01b7f8fa,6539,santana de parnaiba,SP,2017-05-01 10:30:43,I
c5f7e746b7e6d07def6c0dae9903279b,81350,curitiba,PR,2018-04-15 18:59:34,I
002100f778ceb8431b7a1020ff7ab48f,14405,franca,SP,2017-09-14 01:00:31,I
70f84699be677ec988d1fa824aef7d90,35700,sete lagoas,MG,2017-04-11 14:43:04,I
5bc24d989e71e93c33e50a7782431b0e,37165,campo do meio,MG,2018-05-02 14:07:29,I
36f98ad67cc981f50ce8aed093d5783c,85904,toledo,PR,2018-07-25 11:04:58,I
70ee69419916dc13e3aed619061f996c,8780,mogi das cruzes,SP,2017-08-07 10:50:46,I
6eb94e1466490d327a09abf8f3552a50,13219,jundiai,SP,2018-04-23 17:27:41,I
8ff1a9df749e454105c55cda13e79143,17509,marilia,SP,2017-11-06 23:31:37,I
c4fabeea6e569d42d02993bb1f4f1cbc,60741,fortaleza,CE,2018-01-12 12:45:01,I
5236605f4d4b0b3e4df85b850393fca0,3311,sao paulo,SP,2017-08-09 13:04:46,I
45c20d94d9171b0bcfab3c955e47d67b,13490,cordeiropolis,SP,2017-05-05 13:35:44,I
5bc237df65098fe211bb4818f4d26d78,38410,uberlandia,MG,2017-02-09 13:21:46,I
6a38087bc8ad4f89ff453561005f6dea,75123,anapolis,GO,2018-05-18 10:34:41,I
4e5725ba188db8252977a4f0227bd462,14092,ribeirao preto,SP,2018-02-20 18:27:39,I
e4f121bf6ef8b9a1d4d3e65dd0473fab,15085,sao jose do rio preto,SP,2018-04-01 21:17:46,I
eebb3372362aa9a46975164bed19a7e7,4578,sao paulo,SP,2017-03-28 11:33:47,I
2ec6e37d992a95eaddb3369dcbcc76d9,91310,porto alegre,RS,2017-08-18 13:53:01,I
f84a00e60c73a49e7e851c9bdca3a5bb,20756,rio de janeiro,RJ,2017-02-20 11:45:39,I
e5a38146df062edaf55c38afa99e42dc,1233,sao paulo,SP,2016-10-08 13:54:03,I
80cfd480be3eb6d6267139f5cb793555,8223,sao paulo,SP,2017-03-10 10:34:16,I
62c50c1af4dfdc4149d25c5222043d39,4782,sao paulo,SP,2016-10-05 11:08:46,I
4de6e4ba574aa9dfdc824bc44dc47fdd,83402,colombo,PR,2018-01-09 06:37:43,I
6548c2550b6e2d8f18053216e1c7b6f3,9920,diadema,SP,2018-06-26 11:17:35,I
f45122a9ab94eb4f3f8953578bc0c560,13419,piracicaba,SP,2017-02-09 22:25:41,I
7901646fdd36a55f564ffaf2dbccaaf7,20021,rio de janeiro,RJ,2017-03-02 13:52:03,I
6481e96574816ead57975da2c0f6d80d,18072,sorocaba,SP,2017-12-29 16:31:00,I
e8dba4d70f7f2b20e775d09cae01142d,13456,santa barbara d oeste,SP,2018-05-29 21:59:03,I
13e85aac53340018b40c2af68001b7e0,13920,pedreira,SP,2016-10-08 22:41:36,I
b6dc74ed30f124f95227bed4e43a3bed,86702,arapongas,PR,2017-01-31 17:57:18,I
48436dade18ac8b2bce089ec2a041202,27277,volta redonda,SP,2017-03-15 09:19:06,I
f5f2ab9bdb6b30c14c61be68c5ed37da,13660,porto ferreira,SP,2016-10-05 22:53:45,I
8ed8ea9a57c862f2c18c2fe41f601d56,89030,blumenau,SC,2018-04-11 11:48:05,I
c76d418370990614e89e956c7a7567d9,6787,taboao da serra,SP,2017-08-11 14:51:35,I
ceb7b4fb9401cd378de7886317ad1b47,22790,04482255,RJ,2017-08-25 17:50:50,I
2c54051840f19eca309a5423cf22df36,81830,curitiba,PR,2017-12-04 00:59:05,I
ee27a8f15b1dded4d213a468ba4eb391,74210,goiania,GO,2017-05-24 18:14:34,I
5b92bfa4120daa27c574daa2e386c693,18070,sorocaba,SP,2017-02-20 08:30:20,I
1554a68530182680ad5c8b042c3ab563,37580,monte siao,MG,2016-09-04 21:15:19,I
fc38b5dceee1a730fad8853453437fbd,13073,campinas,SP,2017-04-05 08:23:43,I
152ee17e4c8aaf53dac99f3462e4999b,89248,garuva,SC,2017-07-14 14:16:10,I
fac35d150712afb921ec59ac5f39bb11,38650,bonfinopolis de minas,MG,2018-02-24 14:37:03,I
04aa0a1c5ce6b222003403a3e11c3cc0,13150,cosmopolis,SP,2017-03-22 17:10:13,I
ede0c03645598cdfc63ca8237acbe73d,14092,ribeirao preto,SP,2018-02-21 12:25:12,I
1e47defeeadeca0e9a18fa5a9311e735,15800,catanduva,SP,2017-06-13 11:34:47,I
a7b7354cc588f7566a848bcbb1ce3d96,1215,sao paulo,SP,2017-03-13 22:11:59,I
ef0ace09169ac090589d85746e3e036f,24451,sao goncalo,RJ,2017-11-14 10:43:54,I
a7dc4098e4da6e41b426269d12ae7e91,4386,sao paulo,SP,2018-07-19 11:18:27,I
918717417d88a9f9ae9735567e6c7682,5547,sao paulo,SP,2017-12-19 11:55:26,I
cad9969167c09b48ae6f1d123f7fa68d,37706,pocos de caldas,MG,2018-07-24 10:56:17,I
7c4adcc13272c0e26fa23aac642adb7b,24725,sao goncalo,RJ,2018-01-28 10:24:50,I
f19516b9ff26bfeb091b30108db4ddbd,13160,artur nogueira,SP,2017-08-17 21:08:06,I
ed8cb7b190ceb6067227478e48cf8dde,11015,santos,SP,2018-07-19 15:36:35,I
97e50a621f8e801f4baf69e08687c192,4209,sao paulo,SP,2018-02-21 06:34:33,I
562f8cfc51f265411f487d07e9c40e7f,30575,belo horizonte,MG,2017-10-18 12:20:20,I
a21c11ec5c3f03e7cc9f9203bff9e1c6,6513,santana de parnaiba,SP,2018-08-03 17:13:19,I
97e4a63591ca439a2b8b7efd20e6e19e,20520,rio de janeiro,RJ,2018-02-23 18:13:43,I
07017df32dc5f2f1d2801e579548d620,58030,joao pessoa,PB,2017-03-08 15:00:44,I
52092ddbd3a58c450a4459bf051b2287,17300,dois corregos,SP,2017-11-11 11:22:49,I
1a8e2d9c38b84a9702ac7922924b0573,89245,araquari,SC,2018-02-06 10:54:24,I
f1198c871e0171278b63f40d112caeec,1220,sao paulo,SP,2017-08-15 21:33:49,I
87142160b41353c4e5fca2360caf6f92,90230,porto alegre,RS,2017-02-03 16:25:13,I
a0e19590a0923cdd0614ea9427713ced,83075,sao jose dos pinhais,PR,2017-05-10 21:12:11,I
289cdb325fb7e7f891c38608bf9e0962,31570,belo horizonte,SP,2018-02-21 22:53:10,I
11305281b50fff20ae8bb473f8e11876,36500,uba,MG,2016-10-09 13:31:57,I
723a46b89fd5c3ed78ccdf039e33ac63,93310,"novo hamburgo, rio grande do sul, brasil",RS,2018-05-28 23:06:44,I
9d681c7e12db302cb261e721040dde65,80330,curitiba,PR,2018-05-21 18:18:25,I
c7bb64409aa480bb7d0335faaaf3d242,89218,joinville,SC,2018-06-23 16:04:00,I
bb7ad8a45c027be8ab075b8e465f8ca0,88056,floranopolis,SC,2018-07-22 22:54:11,I
8a207b6080964f3c1fc9d35bd6096ba4,15155,jaci,SP,2017-09-20 11:20:55,I
fa1c13f2614d7b5c4749cbc52fecda94,13170,sumare,SP,2017-01-07 20:45:31,I
bf100ecb7997df312b285358fb32f92c,83070,sao jose dos pinhais,PR,2017-01-23 07:33:11,I
3504c0cb71d7fa48d967e0e4c94d59d9,9350,maua,SP,2017-07-05 09:53:02,I
164a5a8794e6d42e14f55e447b12a3bc,85980,guaira,PR,2018-07-27 11:24:55,I
de09d00cfc265b8804c7df34075a68fa,2118,sao paulo,SP,2017-10-15 10:29:07,I
638cba8be1fb599bbb76fd6948351eb3,12242,sao jose dos campos,SP,2017-05-07 17:57:19,I
2f73e04d12cdf0c945ded66bb3fcf6c7,29313,cachoeiro de itapemirim,ES,2017-02-15 16:27:45,I
fbc14c0cf93505ef89f64665ffa4a7b5,14150,serrana,SP,2017-08-17 17:36:22,I
c3ee2331a724e6fc02c4b698b57a73f3,5108,sao paulo,SP,2017-11-22 08:33:09,I
e9874ae10b2d60d43917b6bbfa13a599,86604,rolandia,PR,2018-04-18 20:42:34,I
df47da4ae86fa4db890d05aaf24e21d8,4360,sao paulo,SP,2018-07-23 17:57:33,I
ddd51ae8cda92f3995a51fc0f0f3eec7,23062,rio de janeiro,RJ,2017-01-28 18:30:17,I
e644cbadf7eeb30d0d29f335ce7d52ec,3029,sao paulo,SP,2018-07-03 09:10:24,I
2bdb95a56a36ebbc6640337ac5eac174,4054,sao paulo,SP,2017-01-27 22:07:02,I
34d1ca11b242c0fee2c834ae8d788566,36415,congonhas,MG,2017-03-01 16:21:50,I
324583d68897f5ddbaf38f6248322176,15046,sao jose do rio preto,SP,2018-02-21 12:09:19,I
96493fab2fbb13a14d0c0e8772eef5c3,5537,sao paulo,SP,2017-02-08 13:14:41,I
d4ffeb15b67e81ff9af2b4252d99fb7e,12943,atibaia,SP,2018-04-26 13:43:04,I
b5d034ac251546e25afe9067f05c1539,6852,itapecerica da serra,SP,2018-04-21 05:31:57,I
8a1ff5c35f6595a73fef4c7b96e4908a,83091,sao  jose dos pinhais,PR,2018-06-09 11:41:45,I
a150c540f572d0fb53992264bc5c10b5,18035,sorocaba,SP,2018-02-04 22:19:12,I
7c1fea10b5b006671d608b1d7c446ec4,18550,boituva,SP,2017-10-04 20:41:38,I
b6e1504972665f739dec4facb9943775,13405,piracicaba,SP,2017-05-22 21:17:02,I
f76a3b1349b6df1ee875d1f3fa4340f0,3275,sao paulo,SP,2018-01-04 17:09:02,I
99eaacc9e6046db1c82b163c5f84869f,14400,franca,SP,2016-10-04 10:41:17,I
8603f0038fe0e52fedd3382d266723de,88495,garopaba,SC,2017-04-24 17:42:25,I
d98eec89afa3380e14463da2aabaea72,90010,porto alegre,RS,2017-01-18 08:01:37,I
ab75b89cc49c9ab3160d0c91565a442a,17604,tupa,SP,2017-07-05 16:05:20,I
08084d990eb3f53af056ccbc1730c8a7,3612,sao paulo,SP,2018-02-08 07:04:45,I
d85efbc8eff2b7adf524e2820569adc8,5268,sao paulo,SP,2018-05-12 22:49:25,I
23613d49c3ac2bd302259e55c06c050c,13660,porto ferreira,SP,2016-10-08 21:12:48,I
87d3c3aeb3ead335511b3ce315eb341e,3059,sao paulo,SP,2018-06-13 14:35:29,I
93b9a99027bd8bd6af682aff18dd19bf,7600,mairipora,SP,2017-01-26 21:58:53,I
0bf0150d5b9d60d9cd2906003332f085,1547,sao paulo,SP,2017-02-16 23:15:22,I
7ecef8194babfec876ca720714327841,13041,campinas,SP,2017-10-15 22:41:59,I
30829ded4523ab9224b93bc49a62c95f,95360,parai,RS,2018-01-10 10:50:11,I
dcb7367a92f5ffb89f1e2152ed260285,17700,osvaldo cruz,SP,2018-03-18 16:47:16,I
5075aaa8404020ae6aa8bf4792099b41,37706,pocos de caldas,MG,2017-03-16 10:22:52,I
d354c38a7182125a748cb10474fe963b,28495,aperibe,RJ,2017-05-02 17:07:34,I
9996ae921c50e8dff411ac69c0b4bb8b,17605,tupa,SP,2017-10-17 15:35:11,I
c3cfdc648177fdbbbb35635a37472c53,80610,curitiba,PR,2017-01-27 17:16:40,I
c8cc60ffd415254af5d9b9f34f32c369,18053,sorocaba,SP,2018-06-05 19:11:38,I
1ce3ae5a399804d1a87e706f8a813c3e,88715,jaguaruna,SC,2017-08-03 11:45:23,I
5f26c1408a65b42a7224cd463bdf3292,86707,arapongas,PR,2018-06-28 18:11:28,I
e59e575a175fadcadf8479e191770425,26210,nova iguacu,RJ,2018-06-09 11:53:43,I
2138ccb85b11a4ec1e37afbd1c8eda1f,8250,sao paulo,SP,2016-10-04 19:30:28,I
83d458c0d6d4f94295d63f091460bd60,29101,vila velha,SP,2017-03-06 19:54:12,I
ef30892870c278497523264be1be2241,14801,araraquara,SP,2017-12-05 21:18:13,I
d5b9a084373da994a6e37f732169a853,9182,santo andre,SP,2018-01-20 21:21:28,I
e9c2dc0dd4ac38448289be644ac94f42,89210,joinville,SC,2018-07-03 23:37:11,I
fe87f472055fbcf1d7e691c00b1560dc,13085,campinas,SP,2018-05-07 13:09:18,I
5a32c398a06c345440bf2a683b017ad3,21070,rio de janeiro,RJ,2017-12-31 12:12:02,I
f46490624488d3ff7ce78613913a7711,7194,guarulhos,SP,2018-05-23 13:50:08,I
4d0041cdbe51b4617d95c70b19decc74,36052,juiz de fora,MG,2018-05-10 21:50:13,I
db46ca7bce82b11f7e247539271fc390,23080,rio de janeiro,RJ,2017-03-21 10:42:25,I
ad420dd0c4f92f8af951ac24b86d0cf5,38230,fronteira,MG,2017-04-26 10:41:39,I
e8b4225284fbb02d16f200513f1f395d,14960,novo horizonte,SP,2018-04-05 20:32:06,I
f61c63d13f7cd800549d5acdd390ae72,18185,pilar do sul,SP,2017-09-14 10:23:41,I
054694fa03fe82cec4b7551487331d74,15840,itajobi,SP,2017-01-07 17:20:56,I
dc50afafdfa325eadc890c7fa42a8f4e,87050,maringa,PR,2018-06-25 16:10:17,I
376d67b61dce0c990155286e7ae486a4,4815,sao paulo,SP,2018-03-01 15:29:58,I
7994b065a7ffb14e71c6312cf87b9de2,29142,cariacica / es,ES,2018-06-05 20:41:45,I
a9415cf907dfa12f9ed18693244f5329,36320,prados,MG,2018-01-19 16:34:05,I
b7d5b4b87af9d42b601865d3f3810bff,88020,florianopolis,SC,2017-05-06 18:49:21,I
7315baebc0572ff220d226283dc66728,13560,sao carlos,SP,2017-04-26 13:17:05,I
4125d9385a25e82d2f72d3a0fd55bc3f,11065,santos,SP,2018-08-01 16:28:34,I
c8b0e2b0a7095e5d8219575d5e7e1181,8598,itaquaquecetuba,SP,2017-07-12 19:56:51,I
38102b031c2a15e54623d711bfc753d3,62170,mucambo,CE,2017-02-09 11:01:14,I
160e4f13fd3a64b1b86807be88b5ffb0,83409,colombo,PR,2017-11-15 19:51:30,I
8ccf3cf69651cc1d8a02c8bfaf3b8568,13504,rio claro,SP,2017-04-22 20:02:16,I
391fc6631aebcf3004804e51b40bcf1e,14940,ibitinga,SP,2016-10-06 00:06:17,I
33cbbec1e7e1044aaf11d152172c776f,95705,bento goncalves,RS,2018-04-03 20:15:00,I
da03c298e3999e9d828591fc2179d109,4041,sao paulo,SP,2017-12-04 21:12:17,I
49383af7ab774e4e8f3000f49c83dc4b,12080,taubate,SP,2018-04-27 19:48:04,I
8a2d12a90e92f012ce5226fc6592b653,81210,curitiba,PR,2017-12-23 13:03:06,I
52956b80ae65fda598f06f6b9943e7a9,87050,maringa,PR,2018-05-07 21:04:51,I
762ed976527cddf02787edba70fffa2a,86026,londrina,PR,2017-11-24 22:46:29,I
7994081388d55b9cf976c050653dd359,1244,sao paulo,SP,2017-02-09 14:29:29,I
585175ec331ea177fa47199e39a6170a,39400,montes claros,MG,2017-02-21 18:35:38,I
e59aa562b9f8076dd550fcddf0e73491,82810,curitiba,PR,2017-09-05 16:19:06,I
e84ad2127668df3aafc6b73531a0beb8,4613,sao paulo,SP,2017-12-11 15:30:13,I
1a6245add4353f18ed55138808906979,9694,sao bernardo do campo,SP,2017-07-22 00:37:21,I
e9779976487b77c6d4ac45f75ec7afe9,11701,praia grande,SP,2017-03-01 09:25:31,I
6b90f847357d8981edd79a1eb1bf0acb,7152,guarulhos,SP,2018-06-07 14:18:38,I
48328ec9a579151d9cc6a86d4a59336c,92310,canoas,RS,2017-09-19 14:23:31,I
73a63f72308aa20a46f4b1632018f196,82510,curitiba,PR,2017-03-18 22:33:43,I
f62d7bb4a613ec758a03342d46b580b2,36570,vicosa,MG,2018-01-10 18:29:18,I
252e76235acb79183cfca6e34f13337d,13090,campinas,SP,2017-02-17 16:10:12,I
7c5b05cbdb5542049f38d90d7815b97d,5201,sao paulo,SP,2018-04-28 14:32:54,I
db4350fd57ae30082dec7acbaacc17f9,3126,sao paulo,SP,2017-03-06 19:45:34,I
845e8036c3f7bf62099352f5ed910240,21041,rio de janeiro,RJ,2018-05-25 22:07:54,I
712efd3b68f9686dc856b84abd0f21ae,82130,curitiba,PR,2018-07-30 12:41:54,I
3364a91ec4d56c98e44174de954b94f6,76804,porto velho,RO,2017-04-29 14:34:26,I
b00af24704019bd2e1b335e70ad11f7c,40130,salvador,BA,2018-06-20 00:20:03,I
4324dd16853115efb0fd9d0d131ba6f4,13720,sao jose do rio pardo,SP,2017-05-31 08:51:45,I
0a198e95d32b1be2da9424c962a6ebfa,32260,contagem,MG,2018-06-13 12:09:56,I
d1a1b40ec554c593a1a99366746289dd,85501,pato branco,PR,2017-01-26 23:11:32,I
55a5b51f93f2b70ea513f5a047b0262a,36301,sao joao del rei,MG,2017-04-04 16:33:35,I
6426d21aca402a131fc0a5d0960a3c90,14091,ribeirao preto,SP,2017-05-15 21:42:34,I
8a432f4e5b471f8da497d7dc517666e2,19042,presidente prudente,SP,2018-04-05 11:05:44,I
da3fede3469bf49b7293ce3fc45b294d,8743,mogi das cruzes,SP,2018-03-17 18:07:02,I
c092292535a57dacd95a8765f5518f87,26600,paracambi,RJ,2018-07-05 16:07:58,I
20a8b0dc55da94fe74d112082427c84f,13312,itu,SP,2018-07-31 12:54:10,I
bfd27a966d91cfaafdb25d076585f0da,13930,serra negra,SP,2017-02-05 12:45:04,I
fadb07c842a2aef5d5a676b85f220e71,15052,sao jose do rio preto,SP,2018-06-05 13:24:11,I
6b15924333bd1a741595fe981ea04822,9541,sao caetano do sul,SP,2017-02-01 11:13:37,I
1c83418358f249c9d6affa52d579db0e,1420,sao paulo,SP,2017-04-29 06:54:41,I
04e38a233f726ef161074ab1c9b0399a,1239,sao paulo,SP,2017-09-15 00:53:25,I
db7ed69a53aa9fb1c01930ba54a88bbe,13820,jaguariuna,SP,2018-06-22 18:52:53,I
f664f98bfda2eaf266a23ff144e7a872,4001,sao paulo,SP,2017-07-18 11:48:20,I
7ade73f1b9b4e965f9009a4c3a7e2c15,17051,bauru,SP,2018-04-13 14:54:22,I
a369d693961cb93b61ca2cc518872a85,15081,sao jose do rio preto,SP,2017-11-15 23:26:16,I
fb8904a8ea99f8831b64ce27db2c1765,9550,sao caetano do sul,SP,2017-11-12 14:52:36,I
2ef086a599b597572aca4433b7ed6b3d,89256,jaragua do sul,SC,2018-01-11 07:27:07,I
134285d1f41da5c13a756ee8142c8a4e,2523,sao paulo,SP,2018-06-10 13:27:42,I
9ed65337433adfbedefd23dd76eaa494,5462,sao paulo,SP,2017-12-19 09:27:15,I
aec99834ab5d38ead22766ada8497e87,83411,colombo,PR,2018-07-20 17:20:48,I
b8578d2d823bd8e251f6fdd02b40902d,89069,blumenau,SC,2018-04-12 20:58:52,I
d9d43faf741ceaa8da52fdbb81d9e0e3,36010,juiz de fora,SP,2018-04-05 11:22:54,I
964ff64dc05b13811c6d0f41e0aa5f6b,4154,sao paulo,SP,2018-07-18 22:43:29,I
24c1de8d9551c0b4fbc53317d53efda8,58385,serra redonda,PB,2017-02-01 18:41:32,I
0336182e1b3e92f029d5354832045fdf,14940,ibitinga,SP,2016-10-05 19:09:33,I
c03121937e54a93fcc1825c3098bbb6e,82800,curitiba,PR,2017-03-28 17:03:51,I
b87a7ea0c30fad2dd6781b74a0064859,4133,sao paulo,SP,2018-01-10 19:14:05,I
84c945f15571830c1a91a33978e94009,2851,sao paulo,SP,2017-03-20 23:42:55,I
2d378dbb39815785238c0139c7647fb7,89240,sao francisco do sul,SC,2017-04-13 19:35:02,I
0b0ddbc7b9d9584f442c7ac92b0ff6c9,7052,guarulhos,SP,2018-03-30 20:29:47,I
51209b446b2073894bdc0face6c73ffc,29104,vila velha,ES,2018-06-13 17:05:52,I
5996cddab893a4652a15592fb58ab8db,19010,presidente prudente,SP,2018-07-04 12:08:27,I
aa8af66c623d7d544dfe4bb85b5ebe3b,32672,betim,MG,2018-06-03 19:46:12,I
1690cada046eb7e92c12f98b1f8a8167,1303,sao paulo,SP,2018-04-16 21:52:12,I
385799a1cddbd26dfeb9157356a42282,4676,sao paulo,SP,2017-03-28 16:03:34,I
42b729f859728f5079499127a9c2ef37,3910,sao paulo,SP,2018-01-09 22:55:44,I
556a6409838156ea299c9d1f9e2dde43,81200,curitiba,PR,2018-06-19 10:11:16,I
179d859f51292aac5c10806a356f7af9,9411,ribeirao pires,SP,2018-06-29 00:34:12,I
934ed5cd1b9c1c7382d0a94a94b9e639,81070,curitiba,PR,2017-02-11 13:15:40,I
be3b4b0f050a6aa1b2d901c4b77e979f,84430,imbituva,PR,2018-04-26 09:05:59,I
6806dad1da97bfb5a9038eac6881f706,83280,guaratuba,PR,2017-12-28 18:59:26,I
94231344608e603693b0a8891143f65d,91520,porto alegre,SP,2018-05-19 15:07:25,I
446cc09cdbb130904da114e807dbec40,5615,sao paulo,SP,2018-03-06 12:22:00,I
47efca563408aae19bb7206c2d969ea9,64033,teresina,PI,2018-01-05 08:26:03,I
00ab3eff1b5192e5f1a63bcecfee11c8,4164,sao paulo,SP,2017-03-18 11:40:26,I
71271995e85f5b8530be99ed54a91b89,91360,porto alegre,RS,2017-11-23 11:16:22,I
a435b009cd956ea60748b5cfbddf2e24,14406,franca,SP,2017-05-09 13:21:53,I
11938fcc75f6902fea1d0a6f72b54a57,89900,sao miguel d'oeste,SC,2018-01-11 21:19:54,I
9b76ad3d04236f76bc71c59470305e13,18550,boituva,SP,2018-07-02 11:41:29,I
d7ab82074b5f1dfba46db123df101bff,12941,atibaia,SP,2018-01-03 23:46:30,I
9c0e69c7bf2619675bbadf47b43f655a,12230,sao jose dos campos,SP,2017-05-07 13:20:43,I
94d76e96eedd976258cd3278ce56d5f2,18132,sao roque,SP,2018-05-09 11:41:46,I
52f976b17ea7f2f087f56dcc419328f6,86820,california,PR,2017-10-05 10:28:57,I
4e326052e5dbba8adcd512f3450a307e,8020,sao paulo,SP,2018-01-31 16:24:50,I
3586b8580d9c917874e053a1bb37b5ff,14802,araraquara,SP,2017-05-05 11:25:20,I
6edacfd9f9074789dad6d62ba7950b9c,7135,guarulhos,SP,2017-01-17 14:57:29,I
9e7c5f4d7770eab65738cca38f9efccf,2562,sao paulo,SP,2018-06-01 12:50:14,I
4677a5437afda5fa7140b927b07be1cc,84920,japira,PR,2018-04-13 16:52:01,I
3e8bd881d92466e63ba9e3e809cd3c50,20751,rio de janeiro,RJ,2018-02-16 17:13:02,I
4a1917ef994878940e1fb03eeb787ad7,70610,brasilia,DF,2018-06-19 16:41:53,I
334cab711dee080b079fa5779b584783,9190,santo andre,SP,2018-04-08 13:05:27,I
9dd59e43f0c9f0553244e8f9c2fb247e,85851,foz do iguacu,PR,2017-10-15 16:10:27,I
ccf8813e5a7d6c84d865cd38bfc2b130,12080,taubate,SP,2017-08-30 15:25:39,I
8d956fec2e4337affcb520f56fd8cbfd,9780,sao bernardo do campo,SP,2017-10-12 09:04:48,I
e5a3438891c0bfdb9394643f95273d8e,13483,limeira,SP,2017-05-15 21:33:28,I
f9f68daa2af419d38f745478bcb3da1a,13180,sumare,SP,2017-01-27 19:55:05,I
138dbe45fc62f1e244378131a6801526,2215,sao paulo,SP,2018-05-07 11:11:27,I
5058e8c1e82653974541e83690655b4a,8583,itaquaquecetuba,SP,2017-10-16 17:57:03,I
cd2169d9f31ff6fbb9ca3373b0c9e354,28633,nova friburgo,RJ,2018-06-15 11:46:28,I
15aec03fe4cf30dfa574cf550f5ff5ff,21862,rio de janeiro,RJ,2017-02-09 16:09:42,I
9674754b5a0cb32b638cec001178f799,4438,sao paulo,SP,2017-06-07 14:10:15,I
c161d1327ebc3a156c09582ab2f59f6c,3521,sao paulo,SP,2017-08-04 13:54:51,I
4d232b78ab7ef10393dc3807d827bc0d,30120,belo horizonte,MG,2018-07-22 14:07:35,I
23ff42c4bf1f8f16cddb19d8b972974a,37975,itau de minas,MG,2017-09-27 08:01:35,I
d3dcf0604eabf0224fbd5948b5e02f69,3654,sao paulo,SP,2018-02-15 08:09:22,I
49067458c68f7701fd334ce326accbe0,36050,juiz de fora,MG,2017-09-27 16:49:41,I
dfa0c4c6229ab200a4a1336b4d7128ff,88085,florianopolis,SC,2018-05-02 10:23:08,I
35281d148dcf7134bae913c57db4e6da,5171,sao paulo,SP,2018-07-19 19:38:45,I
76833248bbc0e65a0293ec62023e4396,16200,birigui,SP,2017-10-06 10:22:39,I
48e5ee06fb2dc74df1c711a9b6dfac2a,35540,oliveira,MG,2018-02-03 13:49:34,I
2cb6eb1b7185064167657fa09f541105,34710,sabara,MG,2018-02-20 22:32:06,I
0f7eea709efdf942b5f95c7516dbacd7,19865,pedrinhas paulista,SP,2018-04-05 19:11:09,I
54583ab379489add547fe47b628db589,9810,sao bernardo do campo,SP,2018-07-23 18:18:54,I
51e0557bc7b86de13e946c60ee91ce39,31510,belo horizonte,MG,2017-05-14 01:23:01,I
0bebbb2cea103a4a020c95d43fd7d754,2515,sao paulo,SP,2018-06-30 19:07:30,I
9da1ca0bef29ee170e541927a5aeabdc,15500,votuporanga,SP,2017-06-17 18:33:32,I
6c7d50c24b3ccd2fd83b44d8bb34e073,19025,presidente prudente,SP,2017-07-09 21:20:45,I
3faf68a3b0af94b10bac70d86077be49,13825,holambra,SP,2017-02-04 22:19:45,I
05feb94f19d094d4b0f9281f0b1d4c99,8752,mogi das cruzes,SP,2017-08-14 08:05:48,I
f650a9708fa1bab22bdd8d3a818cc415,88901,ararangua,SC,2017-01-25 13:42:49,I
5cbbd5a299cab112b7bf23862255e43e,83324,pinhais,PR,2017-09-14 22:29:52,I
07d75e33f2750d97d467fb57e4dfdd8a,2117,sao paulo,SP,2018-03-06 09:17:21,I
8a8835a43bda99fd37310ad76c457510,9540,sao caetano do sul,SP,2018-07-16 18:39:09,I
ca3bd7cd9f149df75950150d010fe4a2,4361,sao paulo,SP,2017-01-25 11:32:02,I
323ce52b5b81df2cd804b017b7f09aa7,3306,sao paulo,SP,2018-01-26 20:51:44,I
ebd1417732defaf66c50b5a800eb293e,86047,londrina,PR,2017-03-28 09:40:41,I
76ea5315acb3f5f7ade3cd261faf922a,4213,sao paulo,SP,2018-05-18 09:49:56,I
4b1eaadf791bdbbad8c4a35b65236d52,14092,ribeirao preto,SP,2016-10-04 09:16:33,I
4cc43a222a0f94910728b62b97a8c5f8,14026,ribeirao preto,SP,2018-01-31 14:13:06,I
bc503e244f187939d10c92a5c8e378ce,16200,birigui,SP,2017-04-04 13:46:04,I
b6f52e346160519c24a23af05410ad32,1254,sao paulo,SP,2018-04-26 08:13:16,I
70125af26c2d6d4ef401a1d02ae7701f,74435,goiania,GO,2018-07-03 16:23:42,I
c84592044b180dec206770c38603814b,1026,sao paulo,SP,2018-02-28 14:53:09,I
1caf283236cd69af44cbc09a0a1e7d32,26020,nova iguacu,RJ,2017-04-07 12:07:32,I
ba90964cff9b9e0e6f32b23b82465f7b,7140,guarulhos,SP,2018-02-25 12:47:36,I
5e9f5bd34e0830569f05c9d4f56e04a8,90560,porto alegre,RS,2018-07-12 16:56:22,I
15fa791d5e017f66402dc28c44480657,3307,sao paulo,SP,2018-02-16 14:52:20,I
20d83f3ef0e6925fd74bfd59170babf7,2804,sao paulo,SP,2017-03-28 22:02:40,I
59417c56835dd8e2e72f91f809cd4092,13480,limeira,SP,2017-01-25 20:11:36,I
a13580f0e8f782b7a543885a0ef99f08,22790,rio de janeiro,RJ,2017-08-17 18:21:17,I
ccada0ef508e698917a6eab263375905,85948,pato bragado,PR,2017-07-13 09:44:51,I
4bde6149c15cf7e177b36fa060dd6de8,99500,carazinho,RS,2016-10-07 11:33:35,I
fe1bbc5feda5c8979a8a1b3b2512d5a6,38680,arinos,MG,2017-02-03 06:55:52,I
23a0ffca143a15b9b5bbdb7d552f626a,13520,sao pedro,SP,2018-03-14 19:41:35,I
32b8764b4ef628b53608fc34011fcc13,88504,lages,SC,2018-03-06 22:41:47,I
e7df4cd29ab5abab70fb0783ddb53987,4122,sao paulo,SP,2017-02-16 12:58:36,I
0432ead42b6c8a0bdf68154add917fdf,9320,maua,SP,2017-04-02 16:31:42,I
7e959205cebc10adefcb331f934238a4,1223,sao paulo,SP,2017-02-10 11:11:05,I
2a261b5b644fa05f4f2700eb93544f2c,13660,porto ferreira,SP,2017-10-16 12:29:49,I
f680f85bee2d253556ac91be391d2c82,6365,carapicuiba,SP,2017-09-30 19:19:56,I
3785b653b1b82de85ab47dd139938091,85640,ampere,PR,2017-08-24 11:34:24,I
d379f449f2a3b271bc01c0782020f705,35500,divinopolis,MG,2017-01-28 13:23:50,I
7ea5bfa6c340f58f8e71fc1f0412b0d6,30180,belo horizonte,MG,2017-11-20 16:35:55,I
dc120d932ddf9d4dfb6fd68beefda622,83010,sao jose dos pinhais,PR,2018-04-25 09:00:27,I
6902157ee16728322d61a1321fa79e58,1026,sao paulo,SP,2017-09-21 22:46:26,I
f3041c2e75ec683697a6a5ea82192210,35680,itauna,MG,2017-02-05 20:43:42,I
c54679b132454625907c773d273d4126,11443,guaruja,SP,2018-03-27 14:16:24,I
d26aa40b90272d4843d63be7c1462c8d,3065,sao paulo,SP,2018-07-11 20:15:42,I
a2fa0bdc798ee84cdb08281337cf4fb6,88063,florianopolis,SC,2017-03-08 10:33:45,I
bd697db56ff8e7c9cd1abeb7f72029b2,3533,sao paulo,SP,2017-02-12 12:32:38,I
2aafae69bf4c41fbd94053d9413e87ee,91901,porto alegre,RS,2018-05-24 15:22:39,I
483ca627d131e18f988349b1655c0acd,13800,mogi mirim,SP,2018-03-27 16:37:34,I
1a3df491d1c4f1589fc2b934ada68bf2,89224,joinville,SC,2017-04-29 20:57:32,I
e81e1f9c3e762e620f3fb60a51499e16,89520,curitibanos,SC,2017-05-02 11:14:08,I
4170f6a9367e6b5d6401d03ce6d54569,71906,brasilia df,DF,2017-10-20 16:51:47,I
4e480be820e37de1444325ff358c9296,37410,tres coracoes,MG,2018-07-11 20:01:00,I
6560211a19b47992c3666cc44a7e94c0,5849,sao paulo,SP,2017-02-17 07:39:19,I
3da38366e7bd9baf6369071f782ecdf0,60346,fortaleza,CE,2018-01-04 13:37:09,I
e3e290b38963293022cdcd6db8328103,1403,sao paulo,SP,2017-11-25 01:04:21,I
70b52a4cfc823994561b00bad161b4ed,2727,sao paulo,SP,2017-02-21 16:17:51,I
596849622429351f47b32e6cae1055ff,8710,mogi das cruses,SP,2018-06-04 14:51:21,I
e6ffc9ac6a7adc9d16a1cfc2286dd546,2565,sao paulo,SP,2018-03-29 09:57:50,I
bf0045791395e66460eb04749c68672a,4256,sao paulo,SP,2017-02-07 13:50:56,I
718539d38d07dd351c76db862760e2e2,13088,campinas,SP,2017-04-26 11:19:47,I
979e9f8b5b39dd243a2550c8b05aecf0,4160,sao paulo,SP,2018-01-25 12:48:59,I
22a23e5ac7061fc538cc2a019afaaf16,30310,belo horizonte,MG,2017-05-18 11:00:04,I
0b90b6df587eb83608a64ea8b390cf07,87025,maringa,PR,2017-10-24 14:48:29,I
9200e6ce317b67196b6b0bad4d4bd567,20771,rio de janeiro,RJ,2017-03-25 10:31:25,I
4c60877808f4318ef1107fbeb8f89afa,12940,atibaia,SP,2017-12-01 18:40:44,I
3bb32fedaa74e4ad20f4ce067733bd31,88210,porto belo,SC,2018-08-03 13:32:54,I
ae8bfdbf1c2a2a2dee92d799db0a31c6,85900,toledo,PR,2017-02-15 09:34:07,I
8a87611c08849ffeeccab52aa798b6c7,82940,curitiba,PR,2017-01-26 23:48:56,I
679769a98cfcc6da877c8486ff1c13f3,35162,ipatinga,MG,2017-03-01 12:40:04,I
acf974e4d5950ad143a247471b831eb9,95059,caxias do sul,RS,2017-03-07 16:20:35,I
20a7efa9721046319bdde5d60b6b5365,88790,laguna,SP,2018-01-08 10:50:24,I
febab0275244b9a49a623f0bd613ca2f,13920,pedreira,SP,2017-02-15 20:49:15,I
f3da5b2ff499efb8d4a6d371d175d7dd,2407,sao paulo,SP,2017-11-04 09:24:45,I
436bf27f2f18474fc6047702e9f8a866,13041,campinas,SP,2017-01-18 12:51:23,I
d2f3e277560ed4c6361284429b00f037,12942,atibaia,SP,2017-07-08 11:34:46,I
cd843d4cf8ef32827de0396605163ba3,36071,juiz de fora,MG,2017-07-28 10:36:12,I
67883baaae6134ee81b271a542613728,1310,sao paulo,SP,2018-07-17 13:21:24,I
7dc9a3355bae96dd82008b313d3a456c,36213,dores de campos,MG,2018-06-20 07:42:30,I
05e107217c7266362fd44b75b2cd4cc4,5353,sao paulo - sp,SP,2018-06-29 23:02:10,I
1acde099eb406aa220b1169b188b42da,2532,sao paulo,SP,2017-09-10 22:32:14,I
d97df38225e5abadaff1e72cb72b823c,9560,sao caetano do sul,SP,2017-11-03 16:38:02,I
45213867cefbf2cd4c6177e10216a951,13603,araras,SP,2017-01-27 18:16:50,I
61b893c57e33626afb104d4112b1be76,37142,divisa nova,MG,2017-03-23 17:21:23,I
a420f60ff1aa9acc80d0e42959f2b313,5138,sao paulo,SP,2017-08-16 01:00:34,I
ff4ea69c2a729e83e63c7579e4ef8170,7071,guarulhos,SP,2017-02-28 19:07:02,I
fa5fdc4e4bb6bd1009ad0e4ac4096562,9111,santo andre,SP,2016-10-10 12:39:06,I
916748bc99315c2d202898ae58b1617e,18040,sorocaba,SP,2017-02-12 22:05:47,I
bc2ac6b95e1accce9858528ee566c17e,13085,campinas,SP,2017-08-21 19:07:53,I
25debeafbce801fdd479539350185eee,17350,igaracu do tiete,SP,2017-06-05 10:45:54,I
02c988090b766852e088c69d7fb3b551,13473,americana,SP,2017-07-16 12:39:50,I
e5f9e61ceb5f523cc966e0f34095032f,88353,brusque,SC,2017-07-10 14:25:38,I
ad97a199236354e53fcd91a5a913e9a2,88350,brusque,SC,2017-11-16 20:47:34,I
3606774ec64634822d78dc2db6d37045,9510,sao caetano do sul,SP,2016-10-04 23:39:01,I
94165aea8a35c3c21499cbcae239b16c,38412,uberlandia,MG,2018-06-07 18:01:09,I
c8665a4dd081a2c436b1cd921079d0d9,14750,pitangueiras,SP,2018-06-18 12:48:25,I
c7dcd301ecfe5ab7f778ac172cf74be7,30120,belo horizonte,MG,2016-10-04 12:06:11,I
50c361bcf670d16f6df4d52de3dff924,4131,sao paulo,SP,2018-02-13 21:48:17,I
32e5635e63cb374eb63afdd242fb6134,22451,rio de janeiro,RJ,2017-08-15 21:29:06,I
c1f12f926d0ba950578b4fa41115cbb6,4317,sao paulo,SP,2018-02-24 12:00:07,I
8602a61d680a10a82cceeeda0d99ea3d,1001,sao paulo,SP,2017-08-04 16:41:25,I
c3acdfac4e3e97ff87529454fbc03642,5705,sao paulo,SP,2018-03-24 13:40:27,I
fde0cc9ea29c8ccfc0a2c22256a58c71,81650,curitiba,PR,2017-10-11 13:27:29,I
e63e8bfa530fb16910dd6956e592bb81,7160,guarulhos,SP,2017-08-07 09:14:30,I
c4f7fee5b0db50e87766f5a4d1b1b758,18085,sorocaba,SP,2018-04-15 13:07:03,I
d7485b33791774c36108f8c69602d48d,81020,curitiba,PR,2018-04-06 12:25:07,I
515d781150feed28a6ac091bb0e3cb8c,79090,campo grande,MS,2016-10-07 21:50:26,I
e908c0f3646e8b60375734a350d95d71,1226,sao paulo,SP,2017-04-05 16:12:50,I
2646baaf662d4d92ac48f047e35db92d,3303,sao paulo,SP,2018-04-29 22:00:59,I
13fa2a6c6b9d0f43cb588d7c82117a12,3567,sao paulo,SP,2017-06-09 17:38:12,I
5343d0649eca2a983820bfe93fc4d17e,9270,santo andre,SP,2017-12-18 19:26:02,I
7c9130f5f3729edd32aa059141d92484,17400,garca,SP,2018-06-20 18:53:42,I
e4ebd3f87bf70440014f07ddda7fbe03,19470,presidente epitacio,SP,2017-12-07 21:14:24,I
33a17d60c64393351ebf1ef860f4e0f2,91510,porto alegre,RS,2017-07-08 11:40:20,I
640e21a7d01df7614a3b4923e990d40c,14940,ibitinga,SP,2018-03-17 19:47:48,I
d57e18d5f73c7ccb7f7339b61166898d,3613,sao paulo,SP,2017-09-10 12:54:36,I
dd2bdf855a9172734fbc3744021ae9b9,31255,belo horizonte,MG,2016-10-05 12:44:09,I
9d213f303afae4983637247556438ede,14940,ibitinga,SP,2018-07-14 00:04:42,I
aadfe0417e61315688b6bd7043361e25,74340,goiania,GO,2017-08-03 08:40:25,I
079d295dcbf06ee8bb1b65ba964eb2b6,2124,sao paulo,SP,2018-06-25 12:37:03,I
55c26bcb609f480eb7868594245febb5,14910,tabatinga,SP,2018-04-09 13:11:49,I
cbf09e831b0c11f6f23ffb51004db972,9726,sbc/sp,SP,2018-05-03 11:21:25,I
7fdb0720c8d7c9075538b365dc8c3a22,85904,toledo,PR,2018-04-21 11:38:28,I
933446e9a59dece7ae9175103820ca8f,81730,curitiba,PR,2017-01-24 15:37:05,I
3f8247d0f772ffa58560e5c682521ad5,89211,joinville,SC,2017-06-11 05:05:03,I
e46bc031f2c5bae4ccb40bb90712e9b4,5174,sao paulo,SP,2018-04-06 22:13:21,I
4aba391bc3b88717ce08eb11e44937b2,45816,arraial d'ajuda (porto seguro),BA,2017-02-02 01:00:37,I
fcba71d4d5db057f43249145e4eb1e27,13481,limeira,SP,2017-10-30 21:45:33,I
c747d5b92c7648417faea95d36d763e8,61800,pacatuba,CE,2017-11-24 22:46:55,I
715bbd5ba4e6b74cb0d2f29eb45058b0,13930,serra negra,SP,2017-09-10 00:34:50,I
1430239a858e7682bbc43b20758af153,4087,sao paulo,SP,2017-08-22 16:56:24,I
bb7a14e229b1c95156719c3d9552eeee,23095,rio de janeiro,RJ,2017-10-09 08:49:32,I
d598f929fc44e1e38678e7f47250ec04,73801,formosa,GO,2018-06-22 10:43:09,I
edc518ba25576a0188a0e8f2c3af186f,7023,guarulhos,SP,2018-06-30 20:06:44,I
4c18691b6037662be2df78a765d98ab5,3167,sao paulo,SP,2018-02-25 18:55:59,I
8f2b51a30523cdecddc2f179f351c7d6,4833,sao paulo,SP,2017-04-13 16:53:02,I
6b536a23086fba0d58c08d68814397f6,24346,niteroi,RJ,2017-10-25 14:35:46,I
95f83f51203c626648c875dd41874c7f,37564,borda da mata,MG,2017-11-24 14:22:48,I
6b243f80ed07b10f0e8aa0f21a205f3c,81825,curitiba,PR,2017-07-18 12:35:54,I
e7f3bf1ecd8526eb7f3b18059e6716e5,11680,ubatuba,SP,2017-02-28 17:39:47,I
4d600e08ecbe08258c79e536c5a42fee,85988,entre rios do oeste,PR,2016-10-06 07:53:10,I
2089a6d640999f9b9141ac719b2af596,13566,sao carlos,SP,2017-04-17 07:25:25,I
2a167ca73899c85001a837d8fb4962f6,37540,sao paulo,SP,2018-07-17 13:27:40,I
458c6fa920810ce2492da71bc26d9eec,15813,catanduva,SP,2017-12-12 12:05:08,I
7494d0dcba8551df6cf37f1b905dc2f7,11013,santos,SP,2018-05-03 00:03:53,I
698f5fa55a5f73d0740e9d9a773e8093,20751,rio de janeiro,RJ,2018-06-12 17:26:43,I
4f0d637c1197fd65405ebd755ac9f86b,6768,taboao da serra,SP,2018-05-30 21:48:24,I
3969863bb8af7f72580b3b1ffd3a17b3,3550,sao paulo,SP,2017-11-25 00:32:14,I
2a5b78b41cd05baeac8df54c6606b92c,35570,formiga,MG,2017-07-02 15:37:04,I
1f7dfad2cb384ea4d2d7e1ffbd78c407,1139,sao paulo,SP,2018-05-05 13:16:14,I
08f5819815f3d06545011850bd70f0a8,11075,santos,SP,2018-06-21 00:56:22,I
b32be1695eb7ec5f10f72d9610a12527,95012,caxias do sul,RS,2017-11-24 22:29:43,I
b94cc9f10ddc85e4ba73a6f7974e7101,27930,macae,RJ,2017-11-02 09:30:52,I
53243585a1d6dc2643021fd1853d8905,42738,lauro de freitas,BA,2017-08-28 18:29:21,I
6df688df543f90e9b38f4319e75a9d88,31230,belo horizonte,MG,2017-01-31 13:01:10,I
dd88d13bea9e4c2bf47daf224f8141e5,95900,lajeado,RS,2018-04-10 23:09:48,I
72c38a04bd6a1c3dbc5298425a0db86d,85804,cascavel,PR,2018-05-13 22:30:46,I
9e17b9d64683aebcbb9ee362d06463b4,14020,ribeirao preto,SP,2017-02-19 11:03:43,I
b5bb2b985208834bd5bd86c7a402bbad,95800,venancio aires,RS,2018-01-31 21:10:29,I
b1fecf4da1fa2689bccffa0121953643,79107,campo grande,MS,2016-10-04 15:35:35,I
7b1222c3624aa89b9558b50a2594188c,15041,sao jose do rio preto,SP,2017-02-18 20:50:28,I
e595809a6c31ec4314fd06ef198c244d,88370,navegantes,SC,2018-03-12 03:12:59,I
ba6b68b55fe8704377a7d43c8e5c0185,30130,belo horizonte,MG,2017-05-02 06:49:31,I
b8114f2f589a6804810f04f99b36b498,9633,sao bernardo do campo,SP,2018-04-04 16:05:12,I
83d7070a0b9a8b4625fa8682b819fabb,6717,cotia,SP,2018-03-23 17:02:33,I
570d4583587a5fe2d47c7be89b91ad27,2220,sao paulo,SP,2017-06-30 20:48:51,I
9591fc341b1bfb7ef561e2968ec6e011,4456,sao paulo,SP,2017-09-20 16:30:26,I
0af977692321d895349eded183341d28,11070,santos,SP,2018-04-01 02:54:21,I
b33aaadd1a8891d2dfef0c4c3bdf0371,13481,limeira,SP,2018-01-12 10:45:12,I
5d9dc90a686a8fddacffab6bab5653a3,6513,santana de parnaiba,SP,2017-10-01 10:11:40,I
cc80e2f693fa6e2408f47ccf62413fc1,81050,curitiba,PR,2017-11-27 17:51:39,I
dee656f0f566ed1aa85bd137c943f08f,12701,cruzeiro,SP,2017-10-10 19:29:16,I
ace601496e211a664100321f038f50af,2372,sao paulo,SP,2017-02-15 23:00:16,I
d673a59aac7a70d8b01e6902bf090a11,14940,ibitinga,SP,2017-10-31 18:03:11,I
966cb4760537b1404caedd472cc610a5,9920,diadema,SP,2018-03-19 14:48:23,I
d4a5e99e0dd915df64ba55a7fbd583fd,5041,sao paulo,SP,2017-10-26 11:22:23,I
6bcb2352a2a0c38b845f598298ab9d26,87050,maringa,PR,2017-06-16 17:30:04,I
2c2c9832d1bb38c5b0034a3b47d313ee,97050,santa maria,RS,2018-07-27 10:44:02,I
f3b80352b986ab4d1057a4b724be19d0,71200,brasilia,DF,2017-02-14 10:49:41,I
b452cb0ae35044c4a53179c39f49fb06,18047,sorocaba,SP,2018-06-01 17:13:00,I
0307f7565ff85b299b6e5ef162b1b1a9,15085,sao jose do rio preto,SP,2016-10-10 18:09:39,I
ffeee66ac5d5a62fe688b9d26f83f534,15130,mirassol,SP,2017-09-30 15:56:56,I
3bfad056cf05c00dabe2f895925d83b1,6033,osasco,SP,2017-12-18 10:39:37,I
9aa388272ee334b6ae07bc73706e254a,36886,muriae,MG,2018-03-30 21:23:29,I
74bafed391319577bce6f4d2acc0589a,1311,sao paulo,SP,2017-09-16 22:28:50,I
2b03ac196f5ed62ac483960fe0fa3b65,2510,sao paulo,SP,2017-11-10 10:51:55,I
0b64bcdb0784abc139af04077d49a20e,92420,canoas,RS,2018-04-06 19:54:30,I
0bfd0b434243adc5c2e1aa6baf19c6aa,22745,rio de janeiro,RJ,2017-10-23 22:16:49,I
92d14edfb62ee5ae7fdff70b0f4e7233,9810,sao bernardo do campo,SP,2017-09-11 16:51:05,I
5e105f5c9f63f5f1fd75d6cb942e55b1,15076,sao jose do rio preto,SP,2018-05-20 11:35:23,I
2fb25ab44bdbeae6a4d816e0d0c9d500,27274,volta redonda,RJ,2017-08-18 01:36:03,I
ed4311e67debd72b8610a5347a743087,7170,guarulhos,SP,2017-12-14 14:07:48,I
5bf397d04035b5f45cc41e82ec106803,4144,sao paulo,SP,2018-05-08 22:04:11,I
f9bbdd976532d50b7816d285a22bd01e,5319,sao paulo,SP,2017-05-25 23:22:43,I
e3e15e2c0b9700561efac21c6be48066,5315,sao paulo,SP,2018-02-04 17:31:51,I
a5bff0f43eb51f0cad7c37fac7244c8a,4827,sao paulo,SP,2017-02-20 13:31:57,I
f52c2422904463fdd7741f99045fecb6,9230,santo andre/sao paulo,SP,2018-06-15 21:52:01,I
14f2b3587172b9db894c9bad8dab520b,95240,ipe,RS,2018-03-21 13:01:05,I
1354d51653f645349064725ed204e85e,1230,sao paulo,SP,2017-06-05 16:49:45,I
eaaa46e98c9e61f6764dd1d7a2ab8b3e,59775,messias targino,RN,2018-08-05 14:07:53,I
5b664594895aefb418afaee6d40a9a23,25750,petropolis,RJ,2017-01-15 10:14:31,I
bf00385a5f7fc1ef39a13c2e9ee50a5f,1224,sao paulo,SP,2018-07-03 15:45:08,I
391bbd13b6452244774beff1824006ed,13082,campinas,SP,2018-02-04 14:21:50,I
c714262700f93defc16bf17a51a4cb23,2751,sao paulo,SP,2018-03-16 23:37:45,I
bcd2d7510d58e293f20fad6438c1b314,81540,curitiba,PR,2017-02-09 11:38:52,I
ec4608a1f76453166bb312b2968aeaf4,13660,porto ferreira,SP,2017-02-22 15:57:47,I
5c603ffb38cbbf25a0e0698941324143,37004,varginha,MG,2017-01-23 02:54:13,I
2bd05d410a8fd26dc4184a15f4f2f588,31130,belo horizonte,MG,2017-01-27 10:29:59,I
4dab98ca6cd6d3df586203cefd28a042,91150,porto alegre,RS,2018-03-05 13:28:54,I
293dee954235e4e4e43f129313625ebe,72125,brasilia,DF,2017-10-11 10:22:56,I
cd68562d3f44870c08922d380acae552,14050,ribeirao preto,SP,2017-04-16 19:48:10,I
082e0bf4cb865a6533b1e8e498cc0255,18608,botucatu,SP,2017-10-29 13:42:54,I
c286ec035ee04ba81c97508f0b5df544,81320,curitiba,PR,2017-05-12 22:47:15,I
dd8a29ce82d5c705ba932d81494600a5,8220,sao paulo,SP,2017-05-25 21:25:09,I
41da412d33e8da4f22baf55cb1bde82c,29260,domingos martins,ES,2018-01-24 19:13:01,I
782f78b632a43875dd5b53e3e49c9564,13030,campinas,SP,2017-06-19 16:56:09,I
28405831a29823802aa22c084cfd0649,3644,sao paulo,SP,2018-06-26 16:00:19,I
fe19dce63ae80346207c6c55713d1023,38010,uberaba,MG,2017-01-31 15:39:27,I
a67780aba9dd436e7ac0aa1f889e73ec,19027,presidente prudente,SP,2017-11-24 12:23:11,I
d594982fd877af63ace38ea1fca27c76,1031,sao paulo,SP,2018-06-29 18:11:23,I
dda37071807e404c5bb2a1590c66326f,3282,sao paulo,SP,2018-04-24 08:37:20,I
5bc55dbe2f12b6af6d83ed46023e0dc8,35170,coronel fabriciano,MG,2018-02-21 10:03:23,I
b1b3948701c5c72445495bd161b83a4c,3390,sao paulo,SP,2017-06-06 08:37:30,I
4e92348462c75b6c842b994ce84a0ed4,94930,cachoeirinha,RS,2018-07-03 22:20:41,I
6e13dd869aa7185f601c941423abcc8f,5311,sao paulo,SP,2018-04-07 18:30:52,I
723cd880edaacdb998898b67c8f9da30,14940,ibitinga,SP,2018-03-27 12:41:26,I
00ee68308b45bc5e2660cd833c3f81cc,3333,sao paulo,SP,2017-09-19 01:02:44,I
1fbe10c70e30765ed1de86d9f7e98409,9320,maua,SP,2018-06-21 10:09:54,I
685b870da5b52a710782c9c0fefbeb5b,9820,sao bernardo do campo,SP,2017-12-09 13:51:24,I
701938c450705b8ae65fc923b70f35c7,15014,s jose do rio preto,SP,2017-01-27 19:04:57,I
f3862c2188522d89860c38a3ea8b550d,14092,ribeirao preto,SP,2018-05-15 17:41:00,I
f5f1f2c5f923f36ad79ea1d07185ddc9,19820,taruma,SP,2018-02-22 14:47:02,I
cf8ab1616079e2793aa29d524df01bb1,4088,sao paulo,SP,2017-12-01 14:09:20,I
160851d3ece7aa1a510f8d1a4bb8a8af,17400,garca,SP,2018-07-29 11:15:05,I
61c36f0fc4a47f9532e5512b66668e62,7043,guarulhos,SP,2018-03-30 09:27:22,I
59b22a78efb79a4797979612b885db36,38414,uberlandia,MG,2017-07-17 10:29:13,I
553a440137d6e0cf776aee0bb83ac9f5,13481,limeira,SP,2018-05-11 15:20:39,I
ea8482cd71df3c1969d7b9473ff13abc,4160,sao paulo,SP,2017-08-15 12:54:48,I
72bc2cce903c872fe376a8faaa81d237,4693,sao paulo,SP,2017-09-19 23:12:15,I
65c255b299faf2d12050937cc219c46c,3060,sao paulo,SP,2017-07-26 10:16:50,I
f09e26011d833ddab11593c1a097a92a,13632,pirassununga,SP,2018-03-01 11:42:23,I
72c73be2b085b9d57650dd53eb2004c9,2116,sao paulo,SP,2017-07-24 11:29:43,I
c2bda99904207edd1834f03e0022b007,8280,sao paulo,SP,2017-08-11 11:42:45,I
3d4824f20035949c710eaf111f869d39,18015,sorocaba,SP,2018-06-04 19:07:48,I
042573af89b6d931f672efaf789d8358,18015,sorocaba,SP,2018-01-21 17:44:36,I
5b925e1d006e9476d738aa200751b73b,4567,sao paulo,SP,2017-10-06 11:52:25,I
06bb3a2fe5e7b7a845b13e8fb91bd944,31844,belo horizonte,MG,2017-09-11 08:09:15,I
5f5a58930c3c35f3b5af264f34fb8c85,14020,ribeirao preto,SP,2018-06-25 09:19:01,I
fe2032dab1a61af8794248c8196565c9,13030,campinas,SP,2017-03-08 11:54:55,I
3092c0b297aacfb4bb6e056ebe13b9b8,7402,aruja,SP,2018-01-18 22:44:34,I
8629a7efec1aab257e58cda559f03ba7,74223,goiania,GO,2018-02-16 13:56:54,I
1c56ffe0e9dea2657fc6e95b53f40b13,13575,sao carlos,SP,2018-07-23 11:36:26,I
74a9b9bddf14ece02beb81f52c41a88d,1156,sao paulo,SP,2017-11-27 12:25:21,I
1cbd32d00d01bb8087a5eb088612fd9c,3363,sp / sp,SP,2018-05-10 14:32:26,I
850857dfac77488c307e2b1cbd84ab5a,85802,cascavel,PR,2018-06-12 21:05:40,I
e0a366315b1b726b6c7832d664c0f530,2258,sao paulo,SP,2017-06-10 15:22:55,I
4049512728d969bec69f84088b012416,30310,belo horizonte,MG,2017-04-23 22:08:43,I
120476eb7a04c149d14772edaf5d9bf2,23954,angra dos reis,RJ,2018-07-14 09:19:17,I
cd6efc47efaabf134f8bdb654e10b4f1,23050,rio de janeiro,RJ,2017-11-13 08:04:09,I
2a7c6c0b0d5efde2bf75ec1e1cec2d41,87015,maringa,PR,2017-11-14 12:03:44,I
4e17c65a516f69d023a2ae78b84f28d6,8673,suzano,SP,2017-03-13 23:46:04,I
a8739afb32aaa45e01815ca76f76f54b,9850,sao bernardo do campo,SP,2018-06-07 22:47:32,I
e3d3b3efac954a60d61be70b7e05b49b,3370,sao paulo,SP,2018-06-06 12:18:34,I
d558ebe531605a1285ab2b1bc3256dfb,35501,divinopolis,MG,2018-03-16 18:48:02,I
c7a0a13cbcf29d5ce51c8f80afdc0b89,89170,laurentino,SC,2017-10-04 23:18:03,I
33ac3e28642ab8bda860a2f693000e78,6717,cotia,SP,2017-02-09 21:17:20,I
8936ba0de1073ee888cb3185ae5dc661,3372,sao paulo,SP,2017-04-05 08:53:24,I
18a349e75d307f4b4cc646a691ed4216,1319,sao paulo,SP,2017-08-21 12:54:37,I
a72c2f59332659e361d647515c698798,95270,flores da cunha,RS,2018-01-14 17:09:25,I
b55638ad525e906c698fa2ce742c1742,88780,imbituba,SC,2017-11-06 19:23:13,I
be9a160a9011f627c3e121d076c1ec7b,89256,jaragua do sul,SC,2017-03-26 11:36:32,I
ed859002ad59dbf8cf3602696a6c3000,86035,londrina,PR,2016-10-04 20:41:55,I
12b9676b00f60f3b700e83af21824c0e,95780,montenegro,RS,2017-03-07 22:10:46,I
ef2fbc2b607d8492bcffe657a4645434,20051,rio de janeiro,RJ,2018-07-02 16:44:40,I
a080fc8a850289b27500f6b49cca2553,3382,sao paulo,SP,2018-03-13 20:28:59,I
9c57bc60cfad5ee62d35d3f1ce4593a1,81200,curitiba,PR,2017-04-26 13:34:20,I
9539213aa8e023c01937bef95dc006da,3673,sao paulo,SP,2017-11-29 18:10:01,I
69a43819c758c65a5befb0b471c954d7,86802,apucarana,PR,2017-06-15 11:48:29,I
8fdca8e349553f99bc738833a62c8802,2189,sao paulo,SP,2016-10-06 12:51:54,I
0bb27263628258b8111a0262769fa9db,3077,sao paulo,SP,2017-04-01 17:24:26,I
08061dc0fc165ed41288cc7acde738ee,6036,osasco,SP,2017-03-23 00:48:00,I
4ebdc7e6cd6102a022dadc49156d4ea8,5030,sao paulo,SP,2017-02-22 10:39:37,I
f918546be4bec7104d117789ba758b2b,5634,sao paulo,SP,2017-12-05 09:22:52,I
eb4a59a06b3948e851a7d7a830bcbc42,41820,salvador,BA,2018-02-23 17:55:18,I
80146bc52c4f6af5239b23de2a20262b,6753,taboao da serra,SP,2017-02-24 13:50:32,I
4091f77d8c768fc3e81c20761471761d,3059,sao paulo,SP,2018-01-06 14:14:53,I
0dfbed20065e425d2eaefb101f9816c0,13660,porto ferreira,SP,2018-05-12 23:13:36,I
26bad72add1f86e08a776ce4ffdaf1ca,14470,pedregulho,SP,2017-09-13 14:44:40,I
e174dc2de86d60fee178170a154c05e7,9210,santo andre,SP,2017-08-17 12:18:55,I
612170e34b97004b3ba37eae81836b4c,93542,novo hamburgo,RS,2018-06-11 14:32:25,I
2a84855fd20af891be03bc5924d2b453,30111,belo horizonte,MG,2017-12-28 12:31:49,I
cf2384dd2f1dddea3f838efed0945e65,13930,serra negra,SP,2017-03-09 20:28:23,I
439a47cc365d6e3bd526812ea9de3c29,8730,mogi das cruzes,SP,2017-08-21 15:37:43,I
6ba4733aa33f6386e9fb0c0fd3993b38,95560,torres,RS,2018-04-16 21:43:52,I
4b39558c138930b9e5489c93b6df5fe3,49055,aracaju,SE,2017-11-15 00:16:15,I
4b9750c8ad28220fe6702d4ecb7c898f,13484,limeira,SP,2017-10-12 12:42:46,I
278b6e0b20c4f61fefaa0577943d7a35,88316,itajai,SC,2018-05-10 13:10:44,I
ba8e85df286308fe68a2ce83a8f8b2d6,88135,santa catarina,SC,2018-06-12 22:21:34,I
2059c39f76271d4ca3f15b5ffaccc8b8,81930,curitiba,PR,2017-02-01 13:18:42,I
5a05a16bb50629ee31afab8a6d4c2674,95076,caxias do sul,RS,2018-03-06 17:45:41,I
edb65fe661681b1c0de8bd47c8655855,8111,sao paulo,SP,2017-04-26 12:37:33,I
8cbac7e12637ed9cffa18c7875207478,89254,jaragua do sul,SC,2017-01-26 14:29:25,I
fdb9095204a334cd8872252ffec6f2db,3331,sao paulo,SP,2017-06-27 23:21:05,I
0cab2da43793a6f3c5ed8514c5f54627,80060,curitiba,PR,2018-05-11 10:26:01,I
5b97c06a046398e7005b2b7c0d707a92,38770,joao pinheiro,MG,2017-05-27 00:14:22,I
aae3bfea055532c57fb453ed3ec80b30,9271,santo andre,SP,2017-01-18 17:20:39,I
866558b3bccef2dbc6d29a2b5995016f,86706,arapongas,PR,2017-10-22 14:36:12,I
cb5df0dcb9e280b1780e9d589889f2c7,15115,bady bassitt,SP,2017-01-29 14:57:59,I
9bcdfa7b615b3abb9461d9e3ad9886ae,89053,blumenau,SC,2017-01-31 21:14:52,I
271c58a1d139c45eaf3316107c6d3a3b,3632,sao paulo,SP,2018-05-02 13:55:37,I
2dee2ce60de9709b1a24083217181a1f,78552,sinop,MT,2017-07-18 19:49:49,I
a154d7316f158bb42e6fa18bbe3afd3a,3804,sao paulo,SP,2017-03-06 16:42:52,I
f84fa566034f5e8e880a07ec624c56af,13330,indaiatuba,SP,2017-07-21 00:45:06,I
4c1c7281388a33dd06daac44f9fadbd1,17510,marilia,SP,2018-04-04 09:12:02,I
2063dd1b9f568df1c16741ea7d3e6adb,85065,guarapuava,PR,2017-03-05 20:31:56,I
9cea4682e16655f7da87f406902e989e,83707,araucaria,PR,2017-03-22 23:39:13,I
b1ac6ea7895bc3dd6f0f6f4abbdd2821,92030,canoas,RS,2017-03-11 17:05:35,I
851773c885feb5e2da3b4f82bc2b17ce,18683,lencois paulista,SP,2018-02-08 13:55:48,I
0ff83046c3fa22efee8ecf291888b191,95110,caxias do sul,RS,2017-04-01 18:33:06,I
2b2fed75b8e5ea3a052fc4c0825da485,36015,juiz de fora,MG,2017-04-23 15:20:31,I
9f50216bfd01913736a55a11b55ea842,12020,taubate,SP,2018-06-22 00:07:03,I
2d518637f53161b973e01f56ea4bb88e,2992,sao paulo,SP,2018-04-13 14:37:55,I
aafe36600ce604f205b86b5084d3d767,88115,sao jose,SC,2017-02-18 22:42:34,I
efff9341f3f8f5237b44ff67ed36a7bf,29090,vitoria,ES,2018-05-01 22:37:30,I
a7d0f8dd44f57ef6de7f7f02e3d82630,3225,sao paulo,SP,2018-06-25 12:06:07,I
5b07547f10dd980738a1a27f685af669,7013,guarulhos,SP,2018-08-01 10:27:42,I
a99504ac23ed125aaf5302af6cc30af9,14300,batatais,SP,2017-10-14 14:45:58,I
5882820ef11c4c068eea0677a7a879b4,95082,caxias do sul,RS,2017-04-04 09:36:12,I
7357b52d27cbaa90f81a96cbc1279396,33400,lagoa santa,MG,2018-05-15 18:17:45,I
180c3376aff0e43dd5788709df48a843,9911,sao paulo,SP,2017-08-11 11:35:58,I
b4b447d715f9ab302a188fb43d3e96b3,4711,sao paulo,SP,2018-07-03 15:00:40,I
5e25c632f9db6cfb8bc100421c2737b6,89801,chapeco,SC,2018-06-12 21:32:28,I
f4c4daa86e30c7e5a553a8d518ac03a5,85801,cascavel,PR,2017-03-21 14:37:07,I
398cb257329ef7af7f1943a8974a3cbc,40285,salvador,BA,2018-07-20 09:42:40,I
4003520d80d0bad1d5623f7aa3c63cda,20520,rio de janeiro,RJ,2017-09-26 20:50:49,I
3289d8c3eef4873f91ce0b1343c0dd58,11701,praia grande,SP,2018-05-25 18:44:29,I
b0f2a6122a90a93eb03e68653dd960e3,80710,curitiba,PR,2018-04-28 17:05:06,I
6c1b6d0c604b776f844125f911eb7377,5051,sao paulo,SP,2017-02-01 15:42:59,I
c4af86330efa7a2620772227d2d670c9,8840,mogi das cruzes,SP,2018-01-02 19:00:43,I
a888faf2d1baececa6baf9c3d603ee1f,87502,umuarama,PR,2017-01-28 21:51:24,I
681fce914360217db47784ae28905a96,83709,araucaria,PR,2017-10-20 11:05:57,I
31be790e64fc99f8ff48ec2bd18a3104,9690,sao bernardo do campo,SP,2018-07-29 23:08:40,I
7b3447b497e55af8c15fc7bd89d7b81a,8225,sao paulo,SP,2017-11-17 19:53:15,I
e560e4022d8f7aebf155db95946c5c0f,31110,belo horizonte,MG,2018-06-12 11:26:51,I
2f9b7ce230a057a98a9f5df5893ee36c,6460,barueri,SP,2017-05-17 10:45:24,I
41b39e28db005d9731d9d485a83b4c38,9220,santo andre,SP,2017-01-19 15:21:44,I
809413606dbfe5deefd2db646693ef67,4602,sao paulo,SP,2017-11-05 22:41:44,I
609e1a9a6c2539919b8205cf7c4e6ff0,88359,brusque,SC,2018-01-27 11:28:32,I
c3e2398fcc7e581cda2e546557bf6968,4781,sao paulo,SP,2018-06-23 20:33:24,I
740205fedfe4e90ca6857bc77db0f2b4,95055,caxias do sul,SP,2017-02-17 03:09:22,I
c79151301b9d90985d1fa52879213105,87083,maringa,PR,2017-11-18 11:32:47,I
3e46a38ee171c503c3b4a3f23fe3bf0c,18040,sorocaba,SP,2018-06-22 13:20:40,I
3d4b1ae7539303b5704493798893e82c,3244,sao paulo,SP,2017-12-06 20:43:07,I
bdf0d02d36a1d839d0c39c4a887cdd49,16200,birigui,SP,2018-01-07 18:31:16,I
65a7c0788e4d632ccb5e1b594b87f0bb,5782,sao paulo,SP,2017-08-15 21:20:12,I
d7f1cfc638473be93baedbfd02208016,26112,belford roxo,RJ,2018-07-19 01:00:07,I
001cca7ae9ae17fb1caed9dfb1094831,29156,cariacica,ES,2017-02-04 19:06:04,I
7f35f9daf223da737b78738fbae4d977,13272,valinhos,SP,2018-06-18 05:22:00,I
2eb70248d66e0e3ef83659f71b244378,13101,campinas,SP,2018-02-06 14:25:14,I
6061155addc1e54b4cfb51c1c2a32ad8,13043,campinas,SP,2018-06-01 01:20:55,I
8b87cd0d43d49b9bdf40f56229364d59,4111,sao paulo,SP,2017-10-10 00:45:51,I
52a50b42accf164f9f019941e5759d9b,13820,monte alegre do sul,SP,2018-08-02 19:52:43,I
c6bda72e4dbf5c5866b13cb1810c6d03,3087,sao paulo,SP,2017-07-12 18:18:00,I
270572bb714b00531be85e16e1550f26,9370,maua,SP,2018-05-24 21:26:55,I
16bdc8cefd0e32a6f0824d296c5ad14a,12903,sp,SP,2018-04-11 08:22:30,I
4a82c4af97ffc0fb2dc26bfdc03b1842,35590,lagoa da prata,MG,2017-05-30 19:12:37,I
3985a3c45be355a4c57fde108bfabd1c,95690,rolante,RS,2017-01-27 00:34:10,I
07e8e8fc5222bb358e6f259da3197074,4216,sao paulo,SP,2018-02-21 06:27:09,I
cd06602b43d8800bd0afad514919d35c,4119,sao paulo,SP,2017-01-26 11:48:46,I
8f0fbe2cd4d472157dc1cdef6edecaa9,2755,sao paulo,SP,2017-07-14 09:21:51,I
f44b6f775a2b390380e0e30b5c9d3eee,3057,sao paulo,SP,2017-06-30 20:06:54,I
365e4bce19bda0082c3d15d83fdb8bcd,9570,sao caetano do sul,SP,2018-01-22 13:52:39,I
2e0dba2da448400b1c11d7b4b22f32a4,9070,santo andre,SP,2017-02-10 11:11:16,I
e882b2a25a10b9c057cc49695f222c19,25963,teresopolis,RJ,2018-01-04 19:07:29,I
734def04b237117a09321dd6d8f3f2a2,13604,araras,SP,2018-04-08 22:50:52,I
28c7d8743fbc8679f484868cc0fcaefb,18480,itaporanga,SP,2018-05-05 12:40:10,I
9baf5cb77970f539089d09a38bcec5c3,13330,indaiatuba,SP,2017-01-21 09:44:46,I
e3dd723429d1b23614b7fa85e2c7a853,9810,sao bernardo do campo,SP,2018-03-25 14:10:37,I
f4a04f7be452aa3bb31760bf00055dd0,9010,santo andre,SP,2017-10-31 21:47:13,I
dbc22125167c298ef99da25668e1011f,37564,borda da mata,MG,2017-04-09 13:43:53,I
bc302730ea8cf49b5c74f579febb5bbf,13015,campinas,SP,2017-08-07 12:44:28,I
e64ddbe1cbcf4f2fc3092b7c481f3f9d,3513,sao paulo,SP,2018-03-30 12:00:06,I
56e361f411e38dcef17cdc2a3d99628b,7113,guarulhos,SP,2018-07-02 16:39:17,I
048c2757535328e0d7dac690ad3c0aae,14406,franca,SP,2017-03-04 15:23:15,I
bdb3edbaee43a761e2d4f258dc08f348,18680,lencois paulista,SP,2017-11-21 22:22:38,I
b127efdabeffb5d559349c7b172eb75d,4308,sao paulo,SP,2017-01-26 13:51:54,I
951e8cef368f09bb3f3d03c00ca4702c,14940,ibitinga,SP,2018-04-16 17:55:25,I
33d677f27a69b84051204ee4ae76eaca,89218,joinville,SC,2018-03-17 19:07:43,I
b88e7c57cb2d8b973b7dd4a2bfa14b36,81350,curitiba,PR,2017-05-21 13:09:50,I
1967a9e2ad6f51802b093147d861df58,1209,sao paulo,SP,2017-03-07 20:57:33,I
9da15f4a4ea758d9eeb49000dbe57e22,6290,osasco,SP,2018-07-31 12:52:57,I
d91fb3b7d041e83b64a00a3edfb37e4f,11704,praia grande,SP,2017-02-07 23:53:13,I
749e7cdabbaf72f16677859e27874ba5,7122,guarulhos,SP,2017-09-03 17:20:56,I
3d5d0dc7073a299e31fa718ce1bc00b6,22785,rio de janeiro,RJ,2018-06-13 15:23:50,I
688756f717c462a206ad854c5027a64a,7094,guarulhos,SP,2018-04-10 16:07:47,I
56a8b450e802502ba53a9885ee38e29f,9895,sao bernardo do campo,SP,2017-07-06 09:57:31,I
9b00ed88b7fdb95d6ff76e27c1b52d16,8215,sao paulo,SP,2017-08-25 23:02:45,I
4be6b962d83299498bae2190f95d6566,13561,sao carlos,SP,2018-03-07 16:53:53,I
c13fb473e7cb8b83ccd543c094df0608,5319,sao paulo,SP,2017-01-30 22:18:53,I
17998cf586426bf0f2c3726cb0a4b211,30710,belo horizonte,MG,2017-07-28 04:06:33,I
c88f62b4c386a59281014d677864d016,86707,arapongas,PR,2017-03-04 14:08:26,I
c864036feaab8c1659f65ea4faebe1da,83605,campo largo,PR,2017-07-19 16:15:37,I
8d899e15a5925f097cca50faa49b15e3,18131,sao roque,SP,2018-05-28 11:02:23,I
79565f7d5603b24ddf07ade262547f2f,14804,araraquara,SP,2017-02-07 10:07:01,I
ba143b05f0110f0dc71ad71b4466ce92,2274,sao paulo,SP,2018-04-24 13:18:10,I
4e0d109ccfba9a1151c103049880c857,25550,sao joao de meriti,RJ,2017-11-24 02:25:07,I
89dda63a3c907c468ec88c310ed91213,9380,maua/sao paulo,SP,2018-04-08 09:41:45,I
c522be04e020c1e7b79f3acff36513d5,6501,santana de parnaiba,SP,2018-04-23 01:40:58,I
5f5b43b2bffa8656e4bc6efeb13cc649,4880,sao paulo,SP,2017-11-25 23:53:16,I
87f3e35268860433e13d577825aada95,12955,bom jesus dos perdoes,SP,2016-10-05 20:20:59,I
bca9230d3bbb4efa51872bf605a2f1ad,4296,sao paulo,SP,2018-06-07 14:01:50,I
4bc3d93e4a5f88a598d3d8ce4ae510b3,4564,sao paulo,SP,2018-07-08 13:34:57,I
6e864f5c4669eff3d98140a07cc50202,5639,sao paulo,SP,2017-08-02 13:12:25,I
7bcd7c5f8631701474db233ccf1c094b,2047,sao paulo,SP,2017-04-14 14:28:24,I
8b2d4ab22f42c5cfc338b846decfda60,83820,fazenda rio grande,PR,2018-03-28 00:32:25,I
d9bd94811c3338dceb4181f3dbc0c73e,4186,sao paulo,SP,2018-05-01 12:25:50,I
e70053bf73d1b5863932e53a9fa47496,5059,sao paulo,SP,2018-02-14 13:38:33,I
dbd66278cbfe1aa1000f90a217ca4695,5588,sao paulo,SP,2017-11-25 20:26:00,I
e7d5b006eb624f13074497221eb37807,9291,santo andre,SP,2017-08-12 11:02:56,I
6c9875b2f94ba781186f0c1aed8d1687,17380,brotas,SP,2017-05-21 18:55:49,I
2f74af7a0ee5636f12c2336f9fffed47,2376,sao paulo,SP,2017-06-04 12:09:58,I
c7fdb77fdbff3c41981bc52f787e959e,9111,santo andre,SP,2018-01-10 02:05:46,I
04fdea0c111866e6cf812f1570d6b5bd,8411,sao paulo,SP,2017-10-14 09:11:45,I
63b464dbf392c7b80d12d932fa7cafed,2034,sao paulo,SP,2017-02-01 15:47:22,I
747c1cdcd1737dcfbd1547f6eb6f2cf3,14940,ibitinga,SP,2017-09-17 18:20:45,I
2b402d5dc42554061f8ea98d1916f148,44900,irece,BA,2018-04-28 16:17:34,I
9c068d10aca38e85c50202e17b4a7e88,79400,coxim,MS,2017-10-12 09:57:12,I
7c67e1448b00f6e969d365cea6b010ab,8577,itaquaquecetuba,SP,2017-01-26 22:44:11,I
9ef932e837d8b7f392c0bfee9d359dc2,14940,ibitinga,SP,2017-11-20 12:49:35,I
d8bf0fc082fd4a77fc2e5679b6c00133,3184,sao paulo,SP,2018-07-20 14:50:31,I
66dc1b1632bd6a3e508510c5b3492107,17210,jau,SP,2017-07-19 17:27:37,I
a7ecf689b40a44361e259b28939023e4,29102,vila velha,ES,2018-07-13 22:05:44,I
db1f0f7c7e5e87f40b62226f020bb297,83322,pinhais,PR,2017-04-03 18:04:29,I
91f0eec23d4a61d7d7caeefa3f0ad1ca,88704,tubarao,SC,2017-02-08 13:05:17,I
edf3fabebcc20f7463cc9c53da932ea8,8320,sao paulo,SP,2018-05-22 21:13:21,I
b335c59ab742f751a85db9c411a86739,38442,araguari,MG,2016-10-04 13:22:56,I
c24173065483e421f9e5e7f599de101d,3548,sao paulo,SP,2017-07-11 14:17:47,I
01fdefa7697d26ad920e9e0346d4bd1b,86050,londrina,PR,2017-04-26 15:57:39,I
d9e8c084b68fe958861d8f2c21202e6b,5528,sao paulo,SP,2017-10-05 11:57:47,I
43f8c9950d11ecd03a0304a49e010da6,6341,carapicuiba,SP,2017-07-27 10:31:56,I
4450bd8327d471c4a11a83d1445b1b62,6714,cotia,SP,2017-04-11 06:33:17,I
257e61d3251fb5efb9daadddbc2cf7ca,86804,apucarana,PR,2018-04-06 17:16:18,I
5d76d80a2f5f39c891b996a1bf4c9853,5727,sao paulo,SP,2018-07-25 13:18:32,I
e5def42655b7490edac5a56fe8e9e603,13900,amparo,SP,2017-03-28 21:56:39,I
091065b789659bc3cd9af9cb3a6253ff,92120,canoas,RS,2017-10-15 13:01:37,I
c74f14c1e26cf1bd5bd34b6a1e274426,89900,sao miguel do oeste,SC,2018-01-27 19:05:19,I
c26a2be5b53b7db6b276280da212a779,28630,nova friburgo,RJ,2017-08-08 13:37:37,I
cfa5ab0e4d3fc212fd0b3410e7081c62,36500,uba,MG,2017-10-15 16:50:20,I
19d62d484cba71963c93f0f00ab42013,89114,gaspar,SC,2018-04-26 16:49:29,I
6750d71153f00fc58829af2a8ef1bcf1,28800,rio bonito,RJ,2017-03-28 15:29:43,I
c60b801f2d52c7f7f91de00870882a75,7174,guarulhos,SP,2018-01-27 19:13:48,I
b57e8460909fa137df7951b4a3b5ea84,90640,porto alegre,RS,2017-03-02 07:53:29,I
eeb6de78f79159600292e314a77cbd18,88501,lages,SC,2017-02-18 18:28:46,I
abe021b01ba992245271b9aa422032df,80420,curitiba,PR,2017-02-04 18:54:15,I
5305693ffae2d3463377b1f6fe67b15a,16300,penapolis,SP,2018-01-02 10:35:07,I
f049a72cf58fd31b11f8919cade515e7,1023,sao paulo,SP,2018-07-25 12:03:29,I
e51f22821f0c12a16ad5c020cdcd55e9,6341,carapicuiba,SP,2018-05-29 09:23:00,I
a2a41aedb70551d4a85aa04dc2fced48,4447,sao paulo,SP,2017-11-16 13:53:55,I
4bf2f4ee540798a61f9636d12cd9cc80,19814,assis,SP,2017-03-29 10:31:33,I
c0e0b73d039eb9a99b6ce4cb7a429cd3,89170,laurentino,SC,2018-06-15 15:53:06,I
19484c79cef6c062cb177aa4ef2fcc3c,13275,valinhos,SP,2018-08-03 01:50:48,I
25e6ffe976bd75618accfe16cefcbd0d,5503,sao paulo,SP,2016-10-02 22:07:52,I
9dda5bbacd45e18d6485fee649205d09,37540,santa rita do sapucai,MG,2017-03-27 16:26:18,I
2528744c5ef5d955adc318720a94d2e7,13202,jundiai,SP,2017-10-28 12:57:36,I
b8d890108a7a80e4f5d59eea9f362438,81110,curitiba,PR,2017-09-05 08:05:20,I
2c9005d8043aff18b8557ffb7b13cda4,29304,cachoeiro de itapemirim,ES,2018-05-07 21:00:33,I
062c325cd6a2b87845fab56b4ec2eeae,8150,sao paulo,SP,2018-05-07 11:48:13,I
1d8dbc4f32378d715c717c1c1fc57bae,86706,arapongas,PR,2017-03-20 16:41:25,I
fc906263ca5083d09dce42fe02247800,31030,belo horizonte,MG,2017-04-11 12:45:06,I
1d2732ef8321502ee8488e8bed1ab8cd,20031,rio de janeiro,RJ,2017-04-19 11:58:54,I
626ab1cd96932367f0eeec2e47046c12,5048,sao paulo,SP,2018-01-16 11:20:57,I
a70e9066dbfd10b6b97a3f54a1356762,86975,mandaguari,PR,2017-04-25 13:46:24,I
ce69a8021d18961dd2a40269b7c2c293,81070,curitiba,PR,2018-03-27 20:39:09,I
9596c870880d900012f2e8e6e30d06d7,37074,varginha,MG,2017-04-20 13:47:11,I
4b98b0428fc1932cc2514ef9ce2505e6,6795,taboao da serra,SP,2017-09-11 11:28:21,I
1da366cade6d8276e7d8beea7af5d4bf,36500,uba,MG,2017-02-04 17:33:35,I
a3082f442524a1be452e3189e003b361,81560,curitiba,SP,2017-07-10 20:27:30,I
a56a8043ebf66e42119618fb8cf232c6,89219,joinville,SC,2018-08-03 22:23:06,I
3820c6537b3853be1a0687d5a60807ec,6717,cotia,SP,2017-03-05 01:03:51,I
244b04680fdbded0acf5aebd9c92b44a,13211,jundiai,SP,2017-12-12 10:52:09,I
e96498ed8daaa3e9c23f7a62da76591c,5373,sao paulo,SP,2017-10-10 17:26:22,I
5741dc2bf5044c34d0698681c5081bed,12226,sao jose dos campos,SP,2018-05-28 10:54:51,I
ad781527c93d00d89a11eecd9dcad7c1,15015,sao jose do rio preto,SP,2017-07-17 20:24:19,I
b5e3e38609125694d2ea2417522a60b7,88020,florianopolis,SC,2017-04-16 20:39:21,I
bacb1f0ed56ad24198f5810d2b3fe9a5,12328,jacarei,SP,2017-04-30 21:10:28,I
980640c45d7a4635885491d077167e4d,13501,rio claro,SP,2018-07-01 09:14:54,I
ae45ad30c2d2e5913094769690a239d2,14405,franca,SP,2017-12-08 13:21:55,I
2cb98e27ce1c18abdb42209b34c382a7,14085,ribeirao preto,SP,2018-06-19 14:30:42,I
2156f2671501a81034d7d07f217609d0,4776,sp,SP,2017-08-28 20:12:09,I
de0c78824586e9a5f5f04fd84e25df39,6730,vargem grande paulista,SP,2018-04-08 10:59:17,I
128639473a139ac0f3e5f5ade55873a5,87050,maringa,PR,2017-05-12 23:12:12,I
0791d9fc1e30678ecf03d3e55fa108d3,30775,belo horizonte,MG,2018-05-15 14:03:08,I
7a241947449cc45dbfda4f9d0798d9d0,37590,jacutinga,MG,2017-03-10 10:24:46,I
cfd7ddab722b902f7ac5b5f3ba6d723d,32372,contagem,MG,2018-06-07 18:54:10,I
0e72c1a751b496722a6cb1f10653b62a,6280,sao paulo,SP,2018-05-11 00:18:02,I
7e1fb0a3ebfb01ffb3a7dae98bf3238d,14403,franca,SP,2017-02-04 21:39:14,I
376a891762bbdecbc02b4b6adec3fdda,74323,goiania,GO,2017-05-20 00:26:11,I
90b36c5aeb728d5504a39f435bef0c5f,13835,conchal,SP,2018-07-11 10:34:33,I
e76ecc7e9a1a1e3c6df9d2a8261c423d,30140,belo horizonte,MG,2017-08-13 10:23:44,I
1dfe5347016252a7884b694d4f10f5c4,14940,ibitinga,SP,2017-10-28 15:55:01,I
528bcf6680c36dddf07620bd35b33a6f,3178,sao paulo,SP,2017-06-11 21:57:20,I
f114dca2828bf718548db175ebe2cfcd,86192,cambe,PR,2018-01-06 01:06:31,I
33dd941c27854f7625b968cc6195a552,29107,vila velha,ES,2018-05-27 16:26:55,I
579891617139df7d8671d373f0669622,20061,rio de janeiro,RJ,2017-06-07 20:09:55,I
48985c61529077fa4f1e38bcff0f2ed3,90020,porto alegre,RS,2017-01-31 08:37:02,I
25c5c91f63607446a97b143d2d535d31,35680,itauna,MG,2017-03-08 08:58:11,I
f205b1a3ca9a34e0f8a228bae6e4c7b3,94965,cachoeirinha,RS,2018-07-13 12:35:28,I
d2374cbcbb3ca4ab1086534108cc3ab7,14940,ibitinga,SP,2017-02-10 15:36:37,I
ef728fa1f17436c91ed1ccd03dcf9631,17201,jau,SP,2018-07-23 18:35:14,I
1eade46fba20122dc4aefb379f8c636b,2066,sao paulo,SP,2017-02-13 00:28:28,I
b9de031b671cd48b28fae9d828cbf2b4,4283,sao paulo,SP,2018-07-18 13:52:45,I
6f835fd4be26989b1b064399da346143,81280,curitiba,PR,2018-05-26 08:26:02,I
c9a06ece156bb057372c68718ec8909b,73020,brasilia,DF,2016-10-05 14:36:55,I
6b2612338467c08c9b25f0cc55b1578d,86990,marialva,PR,2017-02-12 20:42:26,I
40d54b51e962dbe09cabbcfd33298dee,9230,santo andre,SP,2017-07-08 14:21:09,I
70c27847eca8195c983ed7e798c56743,20930,rio de janeiro,RJ,2018-04-03 09:02:42,I
b98b715fe9e276204e2a3464f48cd796,3827,sao paulo,SP,2017-02-03 15:20:03,I
0b1ca3ef18a63d7eb0c8897fa0849c08,18131,sao roque,SP,2018-04-12 00:10:10,I
37ceb404da208418c9032f0674e57804,4615,sao paulo,SP,2018-05-22 18:50:55,I
05d2173d43ea568aa0540eba70d2ca76,37135,alfenas,MG,2017-09-27 12:01:09,I
661ad5fcc28cdfb8bcadb12bb2272475,88330,balneario camboriu,SC,2018-01-15 10:56:46,I
999f6d9a1c7c81f43be44c6b7d076210,5269,sao paulo,SP,2017-01-26 14:26:43,I
101a3a003516bc11253298b2fad3cb65,13503,rio claro,SP,2018-06-21 20:47:22,I
b839e41795b7f3ad94cc2014a52f6796,9541,sao caetano do sul,SP,2018-03-01 10:18:57,I
a20d8058c866dbaeca014d2cd20ac62e,12209,sao jose dos campos,SP,2017-12-20 14:52:29,I
6824a69c9ea0313eba299dd4a2dba09a,35570,formiga,MG,2018-07-24 14:23:37,I
058cb5aeb36d7c0fcae20fc85d5e0a59,21635,rio de janeiro,RJ,2017-09-25 22:41:26,I
48efc9d94a9834137efd9ea76b065a38,81130,curitiba,PR,2016-12-23 23:16:47,I
218f991754f360af9c2daa5e0b8e990c,1123,sao paulo,SP,2017-12-18 18:19:07,I
5dc4bdaf869e8c77c648078cbe8d59c2,88035,florianopolis,SC,2017-09-16 21:43:02,I
9261d76c62caaf0b24677c2ceb7f8f20,88138,palhoca,SC,2018-07-05 09:49:54,I
a3b0df0065e264a91b7bbf5f844af5cd,9721,sao bernardo do capo,SP,2017-09-20 15:08:28,I
37dd29b36c458d82f74a953c40c43645,13480,limeira,SP,2017-10-08 16:50:45,I
077c5fae4bea9500e3737b16f71b9d3a,18052,sorocaba,SP,2017-09-19 12:44:23,I
0dd184061fb0eaa7ca37932c68ab91c5,7031,guarulhos,SP,2017-12-04 19:18:09,I
5b35136197710e16ac5e7b7c2bd4ea85,22640,rio de janeiro,RJ,2017-08-16 12:02:50,I
60562ab00b8054280520d390c8c0045c,4809,sao paulo,SP,2017-10-18 08:46:18,I
1d29dfba02015238dfbe2449a5eaa361,36576,vicosa,MG,2017-02-01 09:54:31,I
ad273c9eb54ecb4532de4bf75bae9e4e,80420,curitiba,PR,2017-03-01 11:31:23,I
7813ea3ebd9411dc600b4dd01f7a97b9,6018,osasco,SP,2017-08-03 17:22:24,I
559d56f3b8f0bc2e5a9a62fe2ce2a39f,89220,joinville,SC,2018-08-05 09:19:13,I
57df9869a600bd6b7c405f2a862eccfb,37540,santa rita do sapucai,MG,2018-04-12 21:38:02,I
777a0c55737f34ffeb78010f7542ab41,1541,sao paulo,SP,2018-06-27 09:02:19,I
2aa3443d7bf9d9bb11133f420d75e083,22713,rio de janeiro,RJ,2017-11-14 12:43:54,I
c3867b4666c7d76867627c2f7fb22e21,14580,guara,SP,2017-03-30 13:28:48,I
0bae85eb84b9fb3bd773911e89288d54,88301,itajai,SP,2017-03-24 21:48:54,I
35fb511489d9ee3ee27a76debce9df06,86061,londrina,PR,2017-02-22 18:45:58,I
df91910b6a03bb2e3358fa6a35e32f6f,9560,sao paulo,SP,2018-06-24 09:54:00,I
7e3dde9ffba72d5340f9aaf09b4424be,86185,cambe,PR,2017-08-29 17:18:49,I
dbdd0ec73a4817971d962698f2fea022,60710,fortaleza,CE,2018-04-30 11:04:32,I
8ff38bc3969e67c36c48343a07090f66,8260,sao paulo,SP,2017-08-01 09:24:06,I
6e1862e15f33d9994bc25922a85e1efc,13505,rio claro,SP,2018-06-08 09:47:41,I
058fd0aa2bfdb2274e05e1ae971dabb6,9020,santo andre,SP,2017-08-03 11:36:18,I
f615fe7efbef0f4f08fd3086bc7a3e60,12940,atibaia,SP,2017-07-12 17:40:18,I
aa1eb17b9fdf6dfd546e25c45c7b9235,4794,sao paulo,SP,2017-12-01 11:14:08,I
07bf9669d84d1f11be443a9dd938f698,4761,sao paulo,SP,2017-03-08 16:34:25,I
08633c14ef2db992c11f840f04fad4cd,9416,ribeirao pires,SP,2017-12-13 09:15:58,I
b0398568231ba5e6734af1881671a317,29704,colatina,ES,2018-03-22 14:59:06,I
f419677537694f0462a91990df6ca44f,9750,sao bernardo do campo,SP,2017-12-27 08:36:53,I
e88c9b79e592e370d6bd852eeefbf057,85501,pato branco,PR,2017-05-21 19:53:52,I
70bf57d811208f8923b41bbd499a67a4,7866,franco da rocha,SP,2018-06-26 20:41:56,I
8c0de775f52fe41590b376a3b7c50f68,13178,sumare,SP,2018-03-15 22:24:24,I
7a91bf945c6fae0779f1c61ce97fe45c,26562,mesquita,RJ,2017-07-17 00:25:55,I
6dc9bec584588412a6a338830946a3e4,3270,sao paulo,SP,2017-02-03 20:08:53,I
5b8154610ebb21fb90eb587365e673df,12246,sao jose dos campos,SP,2017-07-10 17:44:35,I
bb2afe2061d53c6968aa0cffa233a8ec,4307,sao paulo,SP,2018-05-09 17:11:55,I
1cbdc7cf130a41fd13a3c2a7d2fcfda7,37480,lambari,MG,2018-05-06 11:15:20,I
fb89df7f89fd1b8f03fa2acca1ba7364,85853,foz do iguacu,PR,2017-10-10 20:21:15,I
b18871c324516afa228a13e8f1ef0ae9,4186,sao paulo,SP,2018-02-28 22:21:37,I
17ca9b9e9b9ef8fdb529001b49ebb50f,32677,betim,MG,2017-07-11 09:36:46,I
3f0e48d209018b466fcd3bb4ccfeb520,80215,curitiba,PR,2017-08-02 14:10:38,I
9add47bf45ce8e8c7db6b9cf670b1e09,83830,fazenda rio grande,PR,2017-02-05 11:05:44,I
acce39e832338debb07b02385cde5967,32110,contagem,MG,2018-05-12 17:10:13,I
397c4d0c005b6f41f90098ac724e28cb,9182,santo andre,SP,2018-04-09 21:35:35,I
b2c97074649f92197d9387d9033dda5f,18604,botucatu,SP,2018-04-23 10:28:37,I
f262cbc1c910c83959f849465454ddd3,3564,sao paulo,SP,2017-11-04 10:25:02,I
c113b8df1fc375bc3d73d29c1b1144d1,8021,sao paulo,SP,2017-06-15 10:15:14,I
bd65d163ded559eb90a10cd09fec178f,3526,sao paulo,SP,2017-08-21 10:31:19,I
720e6cf846ea7572cbb66b743fb91e6c,8717,mogi das cruzes / sp,SP,2017-03-18 12:23:46,I
8f580d36c1e9d6fbce95283403c7d447,14090,ribeirao preto,SP,2017-12-18 09:12:41,I
be7a093e5b4d147b36b72bb1f9e415e5,85900,toledo,PR,2018-07-07 10:44:58,I
cb4a705d00e100b9732d0ca34817d441,88032,florianopolis,SC,2017-11-24 22:07:05,I
f266295f49a28eee21f413e0cbb0521d,84020,ponta grossa,PR,2017-11-08 18:18:31,I
31eec405c9bb71dec8e2629a92e764fa,29300,cachoeiro de itapemirim,ES,2018-06-27 12:28:47,I
6235903333ba7de1928c869e268e5964,89650,treze tilias,SC,2018-05-13 18:19:47,I
c360e4787614ed31ac7a2f95d3b22dc6,18681,lencois paulista,SP,2018-06-13 09:32:06,I
1e47d8b6546eb3a77b1acddcc9406242,13015,campinas,SP,2017-05-15 08:59:57,I
cf1313c6e2c01c2f4b014f97db4bcd2b,22050,rio de janeiro \rio de janeiro,RJ,2018-06-15 15:55:16,I
14ee35374a7876217954b5fa08e50463,15015,sao jose do rio preto,SP,2017-10-04 19:55:43,I
8fe8786ee000001ab51d030dfd4a7bf1,88490,paulo lopes,SC,2017-11-20 20:34:03,I
e72b4feb7abe210c52aa667abc25a3a2,3122,sao paulo,SP,2017-06-17 11:54:02,I
373ee4a3a775a733770ca3f790b8b9ac,22793,rio de janeiro,RJ,2017-02-06 18:57:19,I
432c37c9dfba871172ec162e20118b8c,70235,brasilia,DF,2017-03-02 14:06:01,I
daf565f087a52def0fd5c5825b3661bc,88350,brusque,SC,2018-06-16 21:14:44,I
ea3ebea5317b0efbc663ecc8ce5e9bc2,88036,florianopolis,SC,2018-05-03 08:15:45,I
1fe61aa5494bd3ae92a2c13e067c810f,89540,santa cecilia,SC,2017-11-27 12:12:28,I
e9511df20ccd82658a30c37b7fb343af,17026,bauru,SP,2017-11-23 19:55:23,I
4c8545742faaf58fafd5fd14d25d75cf,15603,fernandopolis,SP,2018-03-15 22:07:54,I
27a56ff04b34c2ba34ce6ba4d3b9d616,13033,campinas,SP,2017-04-05 15:45:38,I
888faa8bfb0b159c37de6d898b961c31,88750,braco do norte,SC,2017-08-07 14:10:09,I
0aa2205ca24f113f4658a5c536667426,4281,sao paulo,SP,2018-04-18 11:16:54,I
432c67955c0acd1fd6b0b5d678766a71,5571,sao paulo,SP,2016-10-04 16:28:25,I
d8c7ba53e7e38711eaef8c2849d6d2e1,87120,floresta,PR,2018-05-08 23:46:50,I
8a43128d7f9a3db592b866e6861a6cce,8080,sao paulo,SP,2018-06-25 20:37:05,I
7cb946b1ad19faebe28c3e86c2794ec3,35701,sete lagoas,MG,2017-11-16 21:01:25,I
6338ea67c41078a46ad99cc009654956,95170,farroupilha,RS,2017-02-02 17:56:17,I
6c12e40690c335dbc2f68a4134d30dc1,84178,castro,PR,2017-02-20 13:35:27,I
65febd49fd28ec955651299159b1f527,3275,sao paulo,SP,2018-04-17 10:14:25,I
9a84ba99f5367fdbd4598363496f1ea2,72801,luziania,GO,2017-03-17 19:59:42,I
954e95f20808d7e5d11f0de292d078e0,35930,joao monlevade,MG,2017-09-09 12:49:12,I
fb503a924a0b9db19d83dd0ac6dbef8c,96020,pelotas,RS,2017-05-16 00:48:59,I
4ba52dfeba874da5b9ee7b17c7494f04,8790,mogi das cruzes,SP,2017-07-31 15:18:44,I
5b581417df4480f632484ba681e53944,88050,florianopolis,SC,2017-07-19 23:37:44,I
d0d70d21e2234dd7cd3cf63fe414148a,58865,sao bento,PB,2018-06-28 00:41:07,I
c7c7b2682c648339a0e9846bb1023a39,12916,braganca paulista,SP,2017-10-12 23:15:50,I
06e5eefc71ec47ae763c5c6f8db7064f,91350,porto alegre,RS,2017-04-25 16:33:00,I
28ea411b354f14b1a494be4e79f0ce02,5685,sao paulo,SP,2017-02-28 13:40:03,I
2a6fbeaa7ab9e5d59a35841a8da71ce4,89259,jaragua do sul,SC,2017-03-08 15:46:42,I
77fccaae319668a8ab6cd0fd16aec48c,28035,campos dos goytacazes,RJ,2018-05-13 16:45:22,I
3fadb4cba4c35bce6a7eaf9872d5623a,95013,caxias do sul,RS,2017-04-07 20:18:18,I
1987cd4be10fe09ee50454f9c354d1c6,37570,ouro fino,MG,2017-10-08 16:38:54,I
aae5e7b457a3c72ee230a47d98fceda5,83040,sao jose dos pinhas,PR,2018-04-05 14:35:51,I
2d22fc3089eb907b29ebff50581fb472,27972,macae,RJ,2018-04-13 17:26:09,I
ff1fb4c404b2efe68b03350a8dc24122,8710,mogi das cruzes,SP,2018-01-20 23:30:17,I
817f85dbb65aa3e70831d90fe75cdf89,18530,tiete,SP,2016-10-03 22:44:10,I
2b5ed0c9139dae8883a200dfcb272ece,4087,sao paulo,SP,2017-04-03 17:25:59,I
86bf77bdb52e615674772d5817c6212f,94410,viamao,RS,2018-04-24 18:39:22,I
9b00cad94ef3078faf6fba2e792c158f,39442,janauba,MG,2017-12-20 12:04:33,I
6860153b69cc696d5dcfe1cdaaafcf62,13360,capivari,SP,2017-11-21 15:13:52,I
903037660cf848a717166eb7a06d616e,5734,sao paulo,SP,2017-01-23 21:38:10,I
f08c008c8a8d31417763738a1788a2a8,85875,santa terezinha de itaipu,PR,2017-10-10 23:58:26,I
bf3c6d2a28b2b5501e6c15448982dcc9,4180,sao paulo,SP,2017-05-29 22:47:27,I
e99e927c81e3f51739c94fcdfca9f10f,38400,uberlandia,MG,2017-01-26 22:15:22,I
49cdc90518a4f82676b38b3c1aa43ff6,3031,sao paulo,SP,2018-06-11 11:10:56,I
066a6914e1ebf3ea95a216c73a986b91,85863,foz do iguacu,PR,2016-10-06 17:10:05,I
3cfa1358a6caa965278721344c8d76f2,9831,sao bernardo do campo,SP,2018-04-18 13:37:54,I
6d66611d7c44cc30ce351abc49a68421,4378,sao paulo,SP,2017-02-02 07:05:42,I
e48cc16ab70bfa09e1401740dce0b3d7,16022,aracatuba,SP,2017-05-27 10:15:14,I
da20530872245d6cd9d2f5725613c430,95650,igrejinha,RS,2017-10-18 23:22:09,I
3d8fa2f5b647373c8620330c4e077a9f,3031,sao paulo,SP,2018-04-30 14:17:06,I
57d2ba47f7a3209aa347532ae75c1165,89287,sao bento do sul,SC,2018-06-21 22:32:27,I
76d5af76d0271110f9af36c92573f765,3194,sao paulo,SP,2016-10-04 21:35:54,I
729f06993dac8e860d4f02d7088ca48a,13481,limeira,SP,2017-03-24 10:57:40,I
9e9b539eb2806acee3f5c28085c1db9f,32315,contagem,MG,2017-11-22 00:37:30,I
fa18c782a4866d313cadab567097f8f1,31535,belo horizonte,MG,2017-05-16 22:17:00,I
b77a27b1864483e721dc831d5ba4afa0,25251,duque de caxias,RJ,2017-03-30 06:24:14,I
41c9d3997dd3c072c31139dc5bb5761f,38182,araxa,MG,2017-01-27 12:31:05,I
700f03c207639c22d933381ff60b35c2,14784,barretos,SP,2016-10-07 21:30:12,I
762fafdaa57a532ee0119731697579dd,13311,itu,SP,2018-06-08 02:18:40,I
50770d25768b0486d89be26afca3108f,9271,santo andre,SP,2017-12-12 19:09:19,I
b3b17aab11f273023a5f22ca52e1eb70,86065,londrina,PR,2018-01-25 13:07:28,I
b19f3ca2ea475913750f25a5c37c8d8f,35501,divinopolis,MG,2017-10-05 22:22:48,I
6179a28a13a726c29b3bf54c070dccab,37048,varginha,MG,2017-07-06 17:11:14,I
cc419e0650a3c5ba77189a1882b7556a,9015,santo andre,SP,2017-01-31 17:15:33,I
0df3984f9dfb3d49ac6366acbd3bbb85,32604,betim,MG,2017-03-12 09:25:41,I
7008613ea464bad5cb9b83456e1e6a8f,89460,canoinhas,SC,2016-10-09 22:36:49,I
7f152321c60a266edc53af1925ef96c1,88801,criciuma,SC,2017-08-29 17:24:40,I
c4fb51fb1c5b7c07bc5e67be6e7e8f6e,80060,curitiba,PR,2017-07-24 13:37:49,I
52ac6f920b7280e4c6d30dd94de6259b,83321,pinhais,PR,2017-02-28 11:27:39,I
7d7d2b7a51328016102d4528c411d630,14940,ibitinga,SP,2018-04-07 18:26:07,I
9e94fa26a70ede4d26226e918e8706a2,13570,sao carlos,SP,2017-08-04 03:06:27,I
eddd1991bd6d9309995a480c39b95137,84010,ponta grossa,PR,2017-10-07 17:31:53,I
994f04b3718c2bab35c2adfa8afecd2a,13912,jaguariuna,SP,2017-11-13 18:09:53,I
3f3486b61f45078d4f31ee5e43d8c5bb,3035,sao paulo,SP,2017-12-04 19:22:50,I
5db42a6cd9bf1bf0d3aab9582767f168,29010,vitoria,ES,2018-05-05 20:10:05,I
a06c8ff043abea0528ee44171e2140a2,35501,divinopolis,MG,2018-02-22 16:33:54,I
6b3bd31ad8fcda4b2635ec9f3ff2ecdf,22775,rio de janeiro,RJ,2018-03-24 14:57:23,I
977f9f63dd360c2a32ece2f93ad6d306,14910,tabatinga,SP,2017-09-26 10:51:26,I
2c43fb513632d29b3b58df74816f1b06,30421,belo horizonte,MG,2018-06-20 21:40:18,I
910a922b426b7ff95eaee129ad6c0e1f,15025,sao jose do rio preto,SP,2018-04-04 12:36:36,I
d9442042130b7fe579d1295f9f4a248f,3550,sao paulo,SP,2017-04-23 00:17:47,I
da2782c804606d2a5d8e1760dbb3e7ec,2022,sao paulo,SP,2017-11-26 00:47:01,I
ce248b21cb2adc36282ede306b7660e5,89251,jaragua do sul,SC,2017-07-18 15:19:37,I
5b0cc932433fa5184b5b94bfe6bcc256,14940,ibitinga,SP,2018-06-20 15:02:35,I
7ff588a03c2aeae4fbd23f9ae64b760d,7183,guarulhos,SP,2018-06-06 08:34:53,I
08cdbae123ff67ca4e36d9d641ce0119,36504,uba,MG,2018-02-20 08:12:25,I
77dcbb67ccb3659bd58eaf5661560a30,95900,lajeado,RS,2017-02-01 23:33:26,I
7ad32824caee82087b3e2e5f33b1bf32,14940,ibitinga,SP,2018-01-26 15:36:01,I
de722cd6dad950a92b7d4f82673f8833,51250,recife,PE,2018-01-09 15:59:12,I
70849ca4f400aaabb62cb7462a6f1428,31210,belo horizonte,MG,2017-12-14 18:10:22,I
b16d3dadc47d4eb18be3d88bad0775ce,93608,estancia velha,RS,2018-05-29 23:02:46,I
5c3460cd3e8a984382ae254e7dd20d9f,15085,sao jose do rio preto,SP,2018-02-23 21:00:11,I
22c32ec35d0116ef02c281798a25bf8b,87043,maringa,PR,2018-01-30 05:33:26,I
8d46553a36e68f95350a200c12f8f2e2,13056,campinas,SP,2017-08-19 10:08:37,I
45ba18c210d42734ec52c0c1c574e9ee,18130,sao roque,SP,2018-04-03 00:54:42,I
10cdd491d1dbea8fb4ead97b19c334ce,37540,santa rita do sapucai,MG,2018-06-26 20:11:26,I
dc317f341ab0e22f39acbd9dbf9b4a1f,94910,cachoeirinha,RS,2017-01-16 14:04:11,I
fe9d9cf8631285d5982c6e2cf27fb114,36200,barbacena/ minas gerais,MG,2018-07-19 21:58:43,I
d93844a9c55ba7ce353388bcf849ea56,82320,curitiba,PR,2017-03-15 08:19:58,I
52b53f7061969fe471d119b6195da864,88301,itajai,SP,2017-08-28 13:15:21,I
1b8356dabde1d35e17cef975c3f82730,3477,sao paulo,SP,2017-02-03 16:13:58,I
43402bdf22aa2310e8f99e2f94f78628,9434,ribeirao pires,SP,2018-05-14 18:13:58,I
c4b911d06343b21dd906651f8101cb49,17560,vera cruz,SP,2017-11-08 19:49:12,I
f44bdc12aa39f5271f0b95f66cd4c289,12914,braganca paulista,SP,2017-11-20 15:39:42,I
9bf11dfc0bec77e5a23028043c3c5a8f,32140,contagem,MG,2017-11-24 22:36:53,I
13f57c12a00ed4610db646b913a7f5c6,11015,santos,SP,2017-09-25 10:08:28,I
54c04bdb5ec46762f8f08c7e8f86ed4a,88037,florianopolis,SC,2018-02-06 15:10:03,I
b5dd7151a92ccaaa282cbe9681a05f44,14020,ribeirao preto,SP,2018-07-18 10:09:15,I
447d377bdb757058acb569025ee18a93,99500,carazinho,RS,2018-02-02 18:46:41,I
52562a9f449c3dc3d53f5f5b9ed74903,59152,parnamirim,RN,2017-04-27 22:05:13,I
2a73cba571d90c694b7caca072ccf6ce,9560,sao caetano do sul,SP,2018-07-26 09:13:04,I
968268a686aa05d1f529fb07dff08130,1530,sao paulo,SP,2018-01-26 23:07:13,I
7c462184585ae80bd6e5774c62ce50f2,13086,campinas,SP,2018-05-07 12:38:04,I
3ea00e1dea2b0659dbaf654735929220,80020,curitiba,PR,2017-02-22 16:04:36,I
54965bbe3e4f07ae045b90b0b8541f52,85851,foz do iguacu,PR,2017-10-18 21:56:13,I
4965a7002cca77301c82d3f91b82e1a9,18074,sorocaba,SP,2018-04-21 09:36:56,I
2d8cfba3fcd3170555941605edaa196a,6080,osasco,SP,2017-03-15 11:41:46,I
6039e27294dc75811c0d8a39069f52c0,6162,osasco,SP,2017-02-27 16:01:28,I
b45d7ebfb7378630f1bcd74b6ff86ff7,30285,belo horizonte,MG,2017-09-03 15:21:44,I
e2a1ac9bf33e5549a2a4f834e70df2f8,1210,sao paulo,SP,2017-03-08 18:51:06,I
bc07d855eac23aab5ac8a120f21d16b2,8710,mogi das cruzes,SP,2018-03-08 19:38:25,I
3492e68f37fd1df87f4f2f2ea247f445,13322,salto,SP,2018-05-09 22:09:32,I
93bef6edaa84956e8e575016449b6351,3568,sao paulo,SP,2017-07-28 21:49:59,I
05ff92fedb5be47920fea08e501238b9,98803,santo angelo,RS,2016-10-04 16:02:18,I
68f86ba270525243e68ae74044f992b9,21941,rio de janeiro,RJ,2017-08-21 16:49:22,I
aeb36d67f1414f234d42a29e27cf1f17,9060,santo andre,SP,2018-05-14 21:03:30,I
916c9de0b5ad957346eeeb12f332687e,80240,curitiba,PR,2017-06-23 12:52:21,I
c68fb906c8f4b4b946d8386bfa6e5467,14870,jaboticabal,SP,2017-03-18 17:09:49,I
53d00c40e32aeb924a84ce72b1af869d,14940,ibitinga,SP,2018-01-04 22:09:33,I
93dc87703c046b603023e75222018b45,30315,belo horizonte,MG,2017-11-08 16:32:33,I
10076e5788b8ee532724bcd460baf762,14315,batatais,SP,2017-05-11 17:19:02,I
804287717b9156fb7a787acd9af4fac1,87030,maringa,PR,2017-06-07 11:49:07,I
4dc646b9b9e8e411ef48ba000ea3ac6f,13272,valinhos,SP,2018-02-03 18:28:57,I
e9c6969d40e6a3d2d0f90013165c2b98,3448,sao paulo,SP,2017-11-06 08:57:51,I
bd0a1b0aadca9a83d9304f7e8ff5fbd5,1212,sao paulo,SP,2018-07-15 21:50:53,I
340636a908b13bbe0f4fb63fbe1d0c03,12240,sao jose dos campos,SP,2018-02-25 14:44:31,I
cf654707ed6a99f112c7ec3d6f314b8b,4615,sao paulo,SP,2018-05-14 08:59:51,I
01c97ebb5cdac52891c0ed1c37ba0012,15804,catanduva,SP,2017-04-13 23:47:01,I
f0b47fbbc6dee9aafe415a6e33051b3f,9360,maua,SP,2017-07-25 10:57:26,I
bd149ed516d4c5d418d5781f8e18919f,7241,guarulhos,SP,2017-10-31 14:13:14,I
3dbbce181edfaa4a597ec858c382d2ec,82515,curitiba,PR,2017-04-17 10:11:29,I
06532f10282704ef4c69168b914b77be,87140,paincandu,PR,2017-03-03 14:12:45,I
1127b7f2594683f2510f1c2c834a486b,13087,campinas,SP,2017-02-24 21:36:00,I
cd52a8efd71af3336b14b5039b951cc1,88136,palhoca,SP,2017-09-11 15:20:28,I
79ed755314cfe6df0daef2c6cd3022cd,13503,rio claro,SP,2017-02-24 09:06:40,I
2c9e548be18521d1c43cde1c582c6de8,8752,mogi das cruzes,SP,2017-10-06 17:00:22,I
bc47d5d1490df2b36add65d733eafaba,9163,santo andre,SP,2018-01-11 15:08:00,I
7caa63f175b1cecbfaadd8b5ab9998c7,2750,sao paulo,SP,2018-01-02 17:05:06,I
de66a66f2dd06bb9ec37aa96987466a3,20910,rio de janeiro,RJ,2016-10-10 11:08:53,I
fec6275253471ace26d209bbaa64cd0f,28605,nova friburgo,RJ,2018-01-22 11:14:54,I
c31eff8334d6b3047ed34bebd4d62c36,13322,salto,SP,2017-11-25 11:48:45,I
c87abc38c8ed3240861729e1aeadf221,5713,sao paulo,SP,2017-12-26 02:35:27,I
07a9bc7f61396b658ddf3ac534efe44c,2925,sao paulo,SP,2017-06-26 11:44:22,I
822166ed1e47908f7cfb49946d03c726,25803,tres rios,RJ,2017-05-25 00:33:44,I
a45314082d50d578a4721c9787ce09ab,15130,mirassol,SP,2018-08-02 13:57:47,I
98e164d549402270247f3c96a1a158ef,5083,sao paulo,SP,2017-06-06 21:40:11,I
59bbc819b99a733f02f0d6b49d1c253d,13043,campinas,SP,2018-05-08 20:24:56,I
2e3be8a987a30d7544dbbda6861cc14e,30620,belo horizonte,MG,2017-02-07 17:03:30,I
b6c6854d4d92a5f6f46be8869da3fa1a,1042,sao paulo,SP,2017-04-28 07:04:04,I
f1b93673502375d491780bb49d615dbc,12228,sao jose dos campos,SP,2018-03-11 19:07:43,I
b3f19518fcec265b2e97af287725f981,15170,tanabi,SP,2017-03-20 20:01:39,I
b2ba3715d723d245138f291a6fe42594,3470,sao paulo,SP,2016-10-04 16:41:59,I
b410bdd36d5db7a65dcd42b7ead933b8,74645,goiania,GO,2018-01-24 15:42:08,I
31344c16881c08a8a72c6d2eb29918c1,36500,uba,MG,2017-01-26 21:58:21,I
4e42581f08e8cfc7c090f930bac4552a,13660,portoferreira,SP,2017-11-24 18:11:33,I
9a208dee8f95cfdf00760c4d627828ec,26125,belford roxo,RJ,2017-02-16 19:56:08,I
d58d521f3789def2e7a22715e0badd93,3643,sao paulo,SP,2017-11-10 10:25:55,I
0aea4c6ae1505b3228ddf3dd7822ee5b,18080,sorocaba,SP,2017-10-09 20:23:13,I
b3809b8d4394588a47c8470ea331e135,4810,sao paulo,SP,2018-07-06 19:46:58,I
fcb5ace8bcc92f75707dc0f01a27d269,7032,guarulhos,SP,2017-11-20 11:47:07,I
6a0cbc8af2e8abd1bdfb777943d174c6,14312,batatais,SP,2017-05-08 18:46:53,I
1b0b0f4f95e962d6f32fe90c759d0479,2737,sao paulo,SP,2017-12-01 12:05:20,I
70126eecc6aa1274392a1743866e9678,6449,barueri,SP,2018-06-25 21:19:06,I
cb0b3bcf14e0a709df412a99424a59d7,4255,sao paulo,SP,2018-04-05 22:53:51,I
8931a84a914b3fe9b1ddaa4d704947ca,8410,sao paulo,SP,2017-03-29 02:00:08,I
7681ef142fd2c19048da7430856b5588,7074,guarulhos,SP,2018-02-09 21:38:59,I
3771c85bac139d2344864ede5d9341e3,18087,sorocaba,SP,2017-05-25 16:39:50,I
7ddcbb64b5bc1ef36ca8c151f6ec77df,4403,sao paulo,SP,2017-07-19 08:55:10,I
02b72cdeb9cfcc429f1af6f4e3f3b737,14940,ibitinga,SP,2018-07-25 21:20:47,I
3481aa57cd91f9f9d3fa1fa12d9a3bf7,13360,capivari,SP,2016-10-04 09:06:10,I
a218df5c097b0ca409cfaac1488cc7f6,14806,araraquara,SP,2018-05-03 22:16:54,I
bd0389da23d89b726abf911cccc54596,71691,brasilia,DF,2017-03-13 19:41:54,I
af3ef48d0e13835e529c29ac573c63e5,14802,araraquara,SP,2018-05-16 08:11:59,I
855668e0971d4dfd7bef1b6a4133b41b,13257,itatiba,SP,2017-05-02 13:41:42,I
77e4abfd739aed9c46480f90f81c0eb4,70767,brasilia,DF,2018-01-30 17:55:06,I
bac44fa8e13424950488659b5f765c41,4534,sao paulo,SP,2016-10-04 22:43:33,I
863d2ebcd347ce4922de7a0f9a5581d6,21041,rio de janeiro,RJ,2017-07-04 17:45:29,I
1c68394e931a64f90ea236c5ea590300,87114,sarandi,PR,2017-07-15 11:56:44,I
95b293867b5862941c9cd74f756a3c68,8223,sao paulo,SP,2017-11-27 11:34:56,I
e62b2d6ac10570a035a30bafcf01d263,5767,sao paulo,SP,2017-09-16 20:43:05,I
f63d8f293af3a6454377546bd9dd19ff,18110,votorantim,SP,2017-05-14 14:59:05,I
7a425d299613df3e613bcf9d2eaf5c49,22790,rio de janeiro,RJ,2017-11-09 18:22:26,I
6bb0724edf0b62fb91ac404873a97241,6700,cotia,SP,2017-02-20 00:34:48,I
112453736dbe3889cfb74e1aaa0ba0c1,3520,sao paulo,SP,2018-06-13 09:39:17,I
f593898ec748b7a8cb81fc04edafd98a,13920,pedreira,SP,2017-09-17 16:34:35,I
96f7c797de9ca20efbe14545bed63eec,14140,cravinhos,SP,2018-04-10 21:46:56,I
77530e9772f57a62c906e1c21538ab82,80310,curitiba,PR,2016-10-04 11:03:14,I
297d5eccd19fa9a83b2630071ff105e4,80710,curitiba,PR,2018-07-19 22:48:13,I
191d55f7edb8524d525ed01b20fe32e8,73020,brasilia,DF,2017-11-27 23:57:41,I
ff69aa92bb6b1bf9b8b7a51c2ed9cf8b,8140,sao paulo,SP,2017-12-02 19:55:21,I
5733d806668f8712c24b9abaefbfa642,89803,chapeco,SP,2018-01-26 14:21:17,I
65b081a070633e057c462abdd6fb9dd8,75650,morrinhos,GO,2017-10-26 12:25:47,I
edf96ef93ed595084bbcbd9224bd2894,1545,sao paulo,SP,2017-02-07 23:16:34,I
6a8b085f816a1f75f92dbac6eb545f8f,14709,bebedouro,SP,2017-07-29 17:28:18,I
f3295428338a40977a03f555246a70f4,29032,vitoria,ES,2017-10-23 14:59:46,I
75fbb52eda0cbc24f479d3b2fbfa8d3e,74560,goiania,GO,2017-01-31 10:48:02,I
e5d4b2b0c3bca22085f7a19a28de0c42,89201,joinville,SC,2017-08-26 13:41:37,I
6187a137b2af59dfdbad8d9f8c373c14,6268,osasco,SP,2017-11-28 21:53:19,I
062ce95fa2ad4dfaedfc79260130565f,95913,lajeado,RS,2017-01-26 18:48:30,I
c200c73f9d7e5a08ca439d6a0803da7c,83507,almirante tamandare,PR,2017-05-23 12:55:16,I
2ee0a0689f2f6a72f35a7cb6033f6e7e,19025,presidente prudente,SP,2017-11-14 20:08:30,I
a08692680c77d30a0b4280da5df01c5a,4719,sao paulo,SP,2017-04-07 15:09:26,I
dd533b429f380718b70ad9922c294bae,14781,barretos,SP,2017-03-31 13:22:29,I
582d4f8675b945722eda7c0cb61ba4c7,11250,bertioga,SP,2017-01-20 12:04:03,I
74636e24f01da9268b0ed88dacd8513e,2941,sao paulo,SP,2018-04-25 14:50:27,I
94144541854e298c2d976cb893b81343,94451,viamao,RS,2017-02-23 22:06:24,I
bf84056e679dbe9c69929847a40e338f,2537,sao paulo,SP,2018-02-19 11:58:17,I
21c62b998a043ebe31161d38f84929fc,60110,fortaleza,CE,2018-07-16 17:15:06,I
02d35243ea2e497335cd0f076b45675d,59077,natal,RN,2017-04-29 22:33:10,I
1c129092bf23f28a5930387c980c0dfc,2972,sao paulo,SP,2017-10-02 14:50:52,I
a1040efe9ff4a6f93c28b0499eada8f5,13210,jundiai,SP,2018-02-03 14:07:04,I
2d9e8987a2ea5cf88dce330249043ff1,15155,jaci,SP,2018-08-02 13:07:42,I
fdf736c18c589ed030e058312203e1b2,37704,pocos de caldas,MG,2018-08-02 12:07:30,I
b01c2b7b8599b325103ebcddc67413e1,95800,venancio aires,RS,2018-07-13 09:52:00,I
bb5d956dece964a06c12bceb66b923ae,20930,rio de janeiro,RJ,2018-01-21 15:52:24,I
3afc536624bc2e65bddfb5db33cc01f3,30150,belo horizonte,MG,2018-01-23 17:56:14,I
8090490573c6c0aa343a7231ebcb8c86,4130,sao paulo - sp,SP,2017-09-01 22:51:39,I
26d6bbee02420494d471c9f6436929c0,81530,curitiba,PR,2018-04-05 12:14:30,I
602044f2c16190c2c6e45eb35c2e21cb,14940,ibitinga,SP,2017-10-20 10:00:43,I
b347677812ea483b0f528eaf8cbc09b7,82540,curitiba,PR,2017-11-24 12:12:36,I
d94ba08b99bedd6a5f6c875ecc4a6fac,86800,apucarana,PR,2017-04-12 11:02:29,I
880ce4951cf857ab1d9e0b75c1d856f4,31255,belo horizont,MG,2018-02-13 21:06:34,I
b499c00f28f4b7069ff6550af8c1348a,13481,limeira,SP,2016-10-03 22:31:31,I
7a2d2949aea47fab95fd98d6c9f618b1,81350,curitiba,PR,2017-02-04 23:28:25,I
fad44952713764836814be105382aee5,21340,rio de janeiro,RJ,2018-01-04 19:21:49,I
f1ed6bd0a9b11b581f16c851c6a5a527,90240,porto alegre,RS,2017-03-04 21:08:40,I
624f4ece8da4aafb77699233d480f8ef,5138,sao paulo,SP,2016-10-04 10:16:04,I
95e03ca3d4146e4011985981aeb959b9,21210,rio de janeiro,RJ,2017-05-14 12:47:08,I
1771297ac436903d1dd6b0e9279aa505,7025,guarulhos,SP,2017-01-19 22:41:52,I
1d503743d2526f03f0c2c89540ee008c,1035,sao paulo,SP,2018-01-25 15:23:17,I
fc5a0d7a310a7a41abf86a458585ff2b,3655,sao paulo,SP,2017-06-02 16:34:22,I
e1bed63d68ac36fe1f3061befe196af5,13848,mogi guacu,SP,2017-01-30 18:30:53,I
73da1880b39c71de2b262bc7720c1494,13560,sao carlos,SP,2017-07-26 11:19:21,I
df560393f3a51e74553ab94004ba5c87,87900,loanda,PR,2016-10-04 14:13:22,I
253f95b3a0e6983ae18aed49fbc2b845,4141,sao paulo,SP,2018-03-21 08:26:56,I
834f3294fba9f932f56edc879193f925,14808,araraquara,SP,2017-05-10 16:57:39,I
6c177e38df6d3f34182b1f1d427231bf,80430,curitiba,PR,2017-02-06 16:00:46,I
08d0949a9a17c027262db1f3c450c26c,85804,cascavel,PR,2017-08-21 13:38:52,I
04843805947f0fc584fc1969b6e50fe7,93900,ivoti,RS,2018-08-05 14:55:14,I
e3b4998c7a498169dc7bce44e6bb6277,3635,sao paulo,SP,2017-01-16 16:24:13,I
a37c340b91cb0169e8b029db6440fba2,4424,sao paulo,SP,2017-06-26 16:37:01,I
e628d4a53c109f09ca88098338b3a3f5,30170,belo horizonte,MG,2017-12-11 09:25:26,I
381c83fdca332ea6afd896da20bf6e4a,80010,curitiba,PR,2017-08-17 08:58:53,I
6fd52c528dcb38be2eea044946b811f8,8180,sao paulo,SP,2017-08-18 16:58:56,I
189ca3538ce9f920cacf0f982cbe223b,3589,sao paulo,SP,2018-06-21 19:06:28,I
20cb7c2fde3e5bf10f0bbe7394e1c6a9,86385,andira-pr,PR,2017-03-14 19:26:29,I
7e79d65b5c6f1f544b7daea036acf720,9572,sao caetano do sul,SP,2017-06-14 14:13:14,I
6bef34c5be6f2bbd70aa5165f6df94b1,89120,timbo,SC,2018-07-14 16:12:14,I
ae9690c6e8fee182c28c9ff8e11ca52c,4361,sao paulo,SP,2016-10-09 23:25:13,I
f7720c4fa8e3aba4546301ab80ea1f1b,81350,curitiba,PR,2017-03-28 23:13:25,I
5bba18b40e8c973b0f32e748004775b0,15840,itajobi,SP,2016-10-10 13:57:41,I
7b7f91e98f8c6def45a1407923304402,6154,osasco,SP,2018-04-15 22:34:55,I
4c2b230173bb36f9b240f2b8ac11786e,3933,sao paulo,SP,2017-02-14 14:24:24,I
a23266650e7c84bb93fbbba502137478,90220,porto alegre,RS,2017-08-04 13:52:59,I
d2df77822373f19934e87694d8640767,86706,arapongas,PR,2018-04-18 19:29:53,I
8fbd63429be6d3e5e6d1a709b6464802,9130,santo andre,SP,2018-04-18 00:27:01,I
ac6417315ae5da8f9a38ee11de6f7780,7400,aruja,SP,2017-04-27 09:34:25,I
81336a0f57a33776419727a300249e90,13560,sao carlos,SP,2017-07-19 14:08:55,I
02f623a8eb246f3c5f7c2f96462654e6,18611,botucatu,SP,2018-04-25 15:13:02,I
56db5c0782e8f7ddc9343f9576ff6d16,88132,palhoca,SC,2017-01-27 22:01:41,I
29fe9f200d3fa0c668d2aa1ec7e08dfb,88330,balneario camboriu,SC,2017-06-16 15:16:41,I
271b8923c6a549e02d3c9fd1f8c0422b,11704,praia grande,SP,2018-07-30 19:39:13,I
4e06067cc08b3f41d837768d392c3ee3,32604,betim,MG,2017-07-16 15:27:12,I
ec933281fb017b5020d06df29c3f77e8,3820,sao paulo,SP,2017-10-16 10:45:42,I
49e7217cfe4e427191c378ec626d8737,35570,formiga,MG,2017-05-20 15:56:32,I
34f563c82a85b99ae9e6d60db5fc2e28,93700,campo bom,RS,2018-04-13 15:09:55,I
4ddeb3e828550cddc8d45c8bc36ab2d1,1131,sao paulo,SP,2017-03-15 12:19:23,I
90d4125885ab6c86e8820a722be71974,6780,taboao da serra,SP,2018-04-13 05:18:38,I
3a734b715d333a2588a3d54a0c9b8746,6132,osasco,SP,2017-08-04 10:08:27,I
f5b84683a9bf9e1df748cf40f601b39c,1127,sao paulo,SP,2016-10-08 22:11:57,I
392e0502231ae2f8b29994ef6398cd77,18760,cerqueira cesar,SP,2017-01-09 21:40:42,I
5d0363b33554b373851fc1622e4d5f3c,12952,atibaia,SP,2017-11-07 19:31:50,I
6e85dc5ecd97a61094b89b046a509d8e,15845,marapoama,SP,2017-05-14 00:32:26,I
417a1e6c7321084d2a0ae0d023cfad93,95885,imigrante,RS,2018-01-31 12:13:17,I
013900e863eace745d3ec7614cab5b1a,80740,curitiba,PR,2017-03-04 10:02:28,I
c157bdeedcbc9a8e3c8bf0d87ff24428,18120,mairinque,SP,2017-05-05 16:46:55,I
fa3a0b5aabb344b9a92e3524b0202123,83020,sao jose dos pinhais,SP,2018-01-26 00:09:45,I
88cf19ec1fc2c58f161aee259d57142c,13570,sao carlos,SP,2018-05-20 17:16:24,I
c13ef0cfbe42f190780f621ce81f2234,1207,sao paulo sp,SP,2018-01-18 13:36:21,I
fc908879b9ca1bd65419e54e50432d38,4558,sao paulo,SP,2017-12-18 10:29:38,I
c679fb69a36e1d8349e8c50a217b4d58,95020,caxias do sul,RS,2018-07-22 21:45:44,I
17a053fcb14bd219540cbde0df490be0,13843,mogi guacu,SP,2017-07-06 12:53:06,I
2d34636518ba88f5349b732fcf8ba2e4,1039,sao paulo,SP,2018-04-30 20:25:31,I
d79e8478eed9999493990b44955fb22e,20081,rio de janeiro / rio de janeiro,RJ,2018-06-28 09:14:43,I
458d868c9642f55f18f04e951a3fdde6,90670,porto alegre,RS,2017-05-31 18:30:10,I
41b14765bd56c8ad10971074380f9c0c,9070,santo andre,SP,2018-03-20 14:33:00,I
e439f7176d763f92de325271111b2fd5,89219,joinville,SC,2018-05-01 16:18:19,I
7f2617c58d5d06806987308b45654351,4571,sao paulo,SP,2017-04-12 22:14:49,I
cac63f48c38cd7d002a7e846dcd99a23,13170,sumare,SP,2017-11-27 22:26:08,I
f00e21b1e91a79653163b7fd8f293ff1,37795,andradas,SP,2017-03-25 21:54:29,I
9140ef75cc8211c4035935e80e567204,87015,maringa,PR,2018-08-01 18:58:49,I
79a679c36c08d606b3fd47ead9de109b,2611,sao paulo,SP,2018-03-02 12:01:02,I
cc5a78bbad32776dc4e3af205218368c,35501,divinopolis,MG,2018-05-08 13:49:19,I
6eeed17989b0ae47c9f11ece6f38ea90,4123,sao paulo,SP,2018-07-03 18:58:41,I
3f9c56764fabca627406093dcb3ef0b4,22745,rio de janeiro,RJ,2018-01-22 09:47:40,I
efb628aa07c8ca93d7db0d85b91a4f5a,26230,nova iguacu,RJ,2017-11-17 08:47:34,I
4e922959ae960d389249c378d1c939f5,12327,jacarei,SP,2016-10-10 17:49:21,I
47648caee88ccfe951fbb27fbf7b4cbe,9931,diadema,SP,2018-04-03 09:43:42,I
ca4b77513ac2040591b0d8fae6958380,9190,sando andre,SP,2018-07-15 13:52:04,I
7957cac1a02f45d0a4a7e45626382ec2,80320,curitiba,PR,2017-09-08 10:09:43,I
4cc4fd4fdd406a85bbdc1f824b731bd7,85906,toledo,PR,2018-02-26 12:08:58,I
b8630e1121437d41cb08e3c749c2c2e2,25070,duque de caxias,RJ,2017-11-25 04:02:51,I
cfe94489ddd337d1e29e12f2a7205d10,3178,sao paulo,SP,2018-02-26 18:44:28,I
9cf787a239c1aa29dbd76f153dc13f9a,14403,franca,SP,2018-06-05 17:11:13,I
2a50b7ee5aebecc6fd0ff9784a4747d6,72580,brasilia,DF,2017-11-27 21:45:48,I
2c3d56f92f360fb89d849b84e8f50eae,6420,barueri,SP,2017-10-06 08:49:02,I
78744a20ee2f80ba64f6804c25def2b8,50751,recife,PE,2017-09-10 19:53:37,I
c990d6cf976a5718aaedc539f383ab88,13145,paulinia,SP,2017-10-05 15:37:40,I
94e93ce877be27a515118dbfd2c2be41,15502,votuporanga,SP,2017-04-16 19:32:11,I
b566ab0ef88016e00422755e305103c6,37640,extrema,MG,2018-03-11 10:26:01,I
d9cb0052a666de5308b32f32ad5f1b1c,15400,olimpia,SP,2018-01-19 00:21:43,I
a89e143d5211473ae18db9577ee34b64,13486,limeira,SP,2017-06-04 12:09:59,I
941554c5757b73ba0e50aa7732310afc,4142,sao paulo,SP,2017-03-05 20:17:09,I
8581055ce74af1daba164fdbd55a40de,7112,guarulhos,SP,2017-01-18 17:44:05,I
a9ae440659f48b7849df83e82734150b,9015,santo andre,SP,2017-10-13 13:10:42,I
c963a25b8671419c6ce9eebe8fd03218,23943,angra dos reis rj,RJ,2018-05-01 01:28:38,I
9485a23c0430ba1d58d359391606fce6,9015,santo andre,SP,2017-03-21 13:50:46,I
0951a6e282947e09cd47969f4ed0b47f,6763,taboao da serra,SP,2018-07-26 09:25:14,I
52f0fe436a347ddad7ed5f9aa4e27eaa,1129,sao paulo,SP,2018-01-06 15:42:24,I
9c7fd21e0aa159b20da593371f08ff7c,6180,osasco,SP,2018-03-14 09:25:14,I
c33847515fa6305ce6feb1e818569f13,88359,brusque,SC,2018-05-09 20:36:26,I
8b8cfc8305aa441e4239358c9f6f2485,86020,londrina,PR,2017-01-29 21:40:02,I
2c00c85d30361cd2ced2969cffbbffa3,31160,belo horizonte,MG,2018-04-16 19:27:56,I
d4e4b5192cba4e0e66eb12a9d347239d,85904,toledo,PR,2017-03-14 00:25:55,I
ade45994b717ccee333492330fbf037b,87505,umuarama,PR,2018-06-09 20:12:15,I
bb5bd94c8f59cc050072d2930c869cac,5008,sao paulo,SP,2017-02-12 18:43:37,I
b05b432bf68945d4d9783f9e3ca29ee8,16200,birigui,SP,2017-09-11 21:19:55,I
2a7dc43cecabf23403078e2188437d1d,4142,sao paulo,SP,2017-11-03 00:16:32,I
578fa3a9cb6b6dceab39231ad59cdaca,60025,fortaleza,CE,2017-09-16 10:56:48,I
615c3462099ffa940d37b17dfda19594,24855,rio de janeiro,RJ,2018-06-21 12:07:18,I
a3f0b55de503387383c7b1de3ad7f678,82400,curitiba,PR,2017-09-26 18:54:19,I
6d7f8d9d594e28796b6b3205b00f459c,80050,curitiba,PR,2017-05-11 15:40:17,I
ea566164622c6b439516ab18062c42cd,5303,sao  paulo,SP,2017-11-12 23:19:39,I
821fb029fc6e495ca4f08a35d51e53a5,2030,sao paulo,SP,2018-01-21 19:06:42,I
d6ab728cf30867cf3f1a2e216ae2f9b7,3185,sao paulo,SP,2018-03-12 09:49:18,I
1a932caad4f9d804097d7f8e615baed1,2976,sao paulo,SP,2018-05-02 15:14:09,I
2be17df1c49978426251562096c3cc09,88704,tubarao,SC,2017-01-17 16:58:06,I
f7c31656c19db6275a8acadca289f426,14940,ibitinga,SP,2018-02-15 11:26:40,I
6025c79c035c3d772133b8b8238463b2,83327,pinhais/pr,PR,2018-07-18 16:51:01,I
c6381d2d013342748761e906d45aff76,93180,portao,RS,2017-10-31 23:50:58,I
c500367424994318b9e779ff1ae9a330,13145,paulinia,SP,2017-09-01 09:24:39,I
19e0f40a907ec568c34bfac15de4f4a1,13478,americana,SP,2017-01-31 11:26:49,I
ecccfa2bb93b34a3bf033cc5d1dcdc69,81810,curitiba,PR,2016-09-15 12:16:38,I
c66dccfb3f109511246da627dd5a2498,11900,registro,SP,2018-01-15 13:54:27,I
d921b68bf747894be13a97ae52b0f386,35570,formiga,MG,2018-04-17 08:33:54,I
929f342384a6607afe143d789ade1316,86065,londrina,PR,2018-06-20 19:25:54,I
e256a62e0ac58c0edfba09966142d561,81320,curitiba,PR,2018-04-15 18:43:59,I
b5b800c4065bebf4d3442311c9857344,3561,sao paulo,SP,2018-05-01 12:29:30,I
c8417879a15366a17c30af34c798c332,4445,sao paulo,SP,2017-02-22 10:49:34,I
8dfbc5ff27df12f6cef751d3b9554222,80220,curitiba,PR,2018-05-15 11:48:56,I
e732329483fd5f27367dd997b47f598a,89030,blumenau,SC,2017-08-31 15:28:40,I
989becdce12ebc39863c2bceab6f3ca1,81730,curitiba,PR,2016-10-07 22:35:59,I
9f56a7a649097b166d8ed286ad86a15c,21041,rio de janeiro,RJ,2017-11-06 15:29:29,I
c4d51195486dc781531876a7d00453d8,19023,presidente prudente,SP,2018-03-31 21:04:40,I
98115075dd26cb8835946fc6086f5d30,9687,ao bernardo do campo,SP,2018-04-15 23:55:50,I
2305ab43e846518f58dd9d59f3f54e96,8452,sao paulo,SP,2018-04-24 13:42:07,I
2528513dd95219a6013d4d05176e391a,6060,osasco,SP,2017-03-22 14:20:09,I
ce4755084bc097113867e6454f8f5e52,14090,ribeirao preto,SP,2018-06-12 11:26:30,I
204b4e07bddef3c9b317f70189135b22,37564,borda da mata,MG,2018-07-27 17:29:41,I
921323538c9f1c4e816f2720eac02bea,1319,sao paulo,SP,2017-11-25 02:08:25,I
1464afc72f696af775557a821c2e253f,28630,nova friburgo,RJ,2017-04-12 12:13:43,I
77a515caa36327151d1cc6c32a9f00e1,9912,diadema,SP,2018-02-28 23:30:36,I
32fdd5d44ecb43dfd6a24b9369eca144,35557,carmo do cajuru,MG,2017-03-22 12:10:36,I
4b0fdb526525f9890eb145bf1534640e,14940,ibitinga,SP,2018-02-25 15:14:28,I
1cd9e0cc1839d55516843def5600816d,3951,sao paulo,SP,2018-06-18 13:34:26,I
7fc87cc3e89b3d1d5cabdca32f8485aa,7123,guarulhos,SP,2018-05-02 12:35:31,I
0c7f30ae9b147eca07affbef92832a6a,84020,ponta grossa,PR,2017-03-03 11:02:44,I
e09887ca8c7bf8a4621ce481820414ef,8431,sao paulo,SP,2017-09-09 08:33:15,I
318f287a62ab7ac10b703ac37435a231,4773,sao paulo,SP,2017-02-08 15:35:42,I
52bb00821bcdd358a5a5a27e1f6be5a1,6268,osasco,SP,2018-01-17 20:41:09,I
acb6c2ca5c82411c1fdb88d5fd5eb95e,3423,sao paulo,SP,2017-02-16 15:56:11,I
5b179e9e8cc7ab6fd113a46ca584da81,5424,sao paulo,SP,2016-10-04 09:59:03,I
ffdd9f82b9a447f6f8d4b91554cc7dd3,80030,curitiba,PR,2017-03-05 16:21:27,I
4eeb99008a0f59d2c7759c59f9a346eb,6807,embu das artes,SP,2018-04-23 10:39:30,I
f3511c85f59f8dec53d140501ee8e7a8,80045,curitiba,PR,2017-08-13 20:03:35,I
60da8bfa7eebe230b7d66ac4082d79b3,15940,fernando prestes,SP,2018-08-02 18:50:46,I
2c538755f1ca9540af144f266e70df6c,39801,castro pires,MG,2018-05-12 07:21:13,I
cb41bfbcbda0aea354a834ab222f9a59,3520,sao paulo,SP,2017-11-28 09:10:12,I
2379bdc3888025689a9deb7b141507d5,13806,mogi mirim,SP,2018-01-31 16:57:52,I
5ee7fd217d08dfe5d3e2f51f96a12c9a,13880,vargem grande do sul,SP,2017-06-17 23:06:16,I
a414555ce331b8c8aea4a9cb8395194d,3638,sao paulo,SP,2018-03-10 15:31:45,I
92992bec39dde5766f590d3b1f46d465,4310,sao paulo,SP,2018-04-29 10:04:24,I
834f8533b2ecb6598dd004ff3de7203a,5181,sao paulo,SP,2017-01-17 22:34:59,I
b5f49fe968dff6b112861e6cd8e192ef,80710,curitiba,PR,2018-01-18 18:21:21,I
b26741d31a563d769b4af0465ab20c56,88061,florianopolis,SC,2018-02-20 18:17:18,I
f7315bb81aea4ddca2d39e249a801c98,7082,guarulhos,SP,2018-06-14 12:12:21,I
8e2b3afb420011ef0c88c9d5f11ea526,13060,campinas,SP,2017-11-13 22:31:33,I
8fff28c4263ddec387f28d237fb42773,5594,sao paulo,SP,2017-02-25 10:11:17,I
0ddefe3c7a032b91f4e25b9c3a08fca1,9721,sao bernardo do campo,SP,2018-04-12 15:09:11,I
730937bf88cb151eb2eb849f642fc213,13500,rio claro,SP,2018-04-05 16:12:14,I
cc3d14116804f7209f3884f6367f1152,82940,curitiba,PR,2017-05-03 21:07:12,I
5dc203c7b84a0e71e878a179de05fb9a,17580,pompeia,SP,2018-05-28 20:43:51,I
440dd6ab244315c632130ecfb63827b1,15502,votuporanga,SP,2016-10-04 13:16:57,I
66fd84ee7528c0c0de85d0f44a73d5ab,98975,campina das missoes,RS,2017-03-22 14:05:51,I
fec6912baad85d41729669edd6b4d3b8,14110,ribeirao preto,SP,2018-04-13 20:44:27,I
666658b8da8370f30e1f89893b1de5e6,3658,sao paulo,SP,2018-03-13 10:58:09,I
f3c38ab652836d21de61fb8314b69182,1206,sao paulo,SP,2018-04-11 13:05:11,I
90b57083da5d803237da74daec6dcb2b,80730,curitiba,PR,2018-01-28 01:08:44,I
45d33f715e24d15a6ccf5c17b3a23e3c,18015,sorocaba,SP,2016-10-03 21:13:36,I
1bb3812d5f0747a3ab7348f199001a10,4708,sao paulo,SP,2017-11-06 23:39:18,I
c33a5c3c983090c8b78a28e65052a20d,88802,criciuma,SC,2018-01-15 10:28:06,I
003554e2dce176b5555353e4f3555ac8,74565,goiania,GO,2017-12-15 06:52:25,I
16090f2ca825584b5a147ab24aa30c86,12940,atibaia,SP,2017-01-31 17:40:36,I
5659d77e8d90378e39b960ad5956f64e,12062,taubate,SP,2017-09-12 18:03:22,I
b561927807645834b59ef0d16ba55a24,2955,sao paulo,SP,2018-01-19 00:48:30,I
28d162ab86bb49d719c32f0ee6186eaa,14079,ribeirao preto,SP,2017-09-19 10:20:27,I
e06f09ec0a4aca210779cf1cfc63cf19,4773,sao paulo,SP,2017-06-27 23:17:52,I
8c9348f33ae3dada25c99c99ade2af78,6340,carapicuiba,SP,2018-06-19 11:34:27,I
da6a60cc8cc724fe51be021ff8be779c,28941,sao pedro da aldeia,RJ,2018-05-21 21:49:53,I
461ff5303b6c9c1a4a07f40c5aece516,83323,pinhais,PR,2018-02-23 11:35:10,I
e82de6494d91d3c4c54450f59b227a94,14940,ibitinga,SP,2017-10-09 01:17:54,I
213b25e6f54661939f11710a6fddb871,13321,salto,SP,2017-11-21 21:24:19,I
78c99c6dff4eeae5be99bf635ed21e3f,17510,marilia,SP,2017-02-08 10:18:09,I
a36ac007a4d18f865c8d32c3b2402c2d,6455,barueri,SP,2017-01-22 21:25:01,I
a2e85714b56b1cb6bb24a9a6e6cad36f,14530,miguelopolis,SP,2017-10-30 14:48:41,I
6b333a05bf188ef3e1f1662a86bd9855,72304,brasilia,DF,2018-01-27 20:49:20,I
56642bcb79900e777d68e91915cb4267,3701,sao paulo,SP,2016-10-10 16:39:37,I
41b86b552e54e3a7009596125aa8b167,2470,sao paulo,SP,2017-03-20 18:47:14,I
1d0997ff06b524ce9289ffd75114ecd3,52020,recife,PE,2017-01-27 16:21:48,I
73b8eb4a9a729d4019b24ed1be748cbf,13070,campinas,SP,2018-06-18 10:32:17,I
a69aa24cec11168e7e39a3fbc727e925,6330,carapicuiba,SP,2018-06-13 11:29:48,I
8ea394aed8138685abe1eb9f25e1021d,18053,sorocaba,SP,2017-12-30 10:29:21,I
8a130737016f838139d31878787a39c9,3187,sao paulo,SP,2017-12-07 10:53:40,I
f682e0f848abafc6f41e0d4e868c66ef,7600,mairipora,SP,2017-10-11 12:45:13,I
11742f81550ac064cc9a40f67151d9ad,15810,catanduva,SP,2018-08-02 14:41:02,I
8a40ae794fa3f9892cee24bd5af0488b,82620,curitiba,PR,2017-06-12 22:07:23,I
0936e1837d0c79253456bbb2ffaaef10,2050,sao paulo,SP,2017-04-11 22:09:31,I
850f4f8af5ea87287ac68de36e29107f,4367,sao paulo,SP,2017-04-10 23:29:46,I
343e716476e3748b069f980efbaa294e,13033,campinas,SP,2017-04-19 22:03:31,I
e9729944ba65dc3ce425e0c5a22ae7b2,25730,petropolis,RJ,2018-05-03 07:32:52,I
e0eabded302882513ced4ea3eb0c7059,13023,campinas,SP,2018-04-02 03:54:22,I
643214e62b870443ccbe55ab29a4dccf,2134,sao paulo,SP,2017-09-30 21:44:37,I
0aa124728afc1131dff5655f4c6f487b,37135,alfenas,MG,2018-07-16 10:15:36,I
ce27a3cc3c8cc1ea79d11e561e9bebb6,3006,sao paulo,SP,2016-10-04 12:53:17,I
0241d4d5d36f10f80c644447315af0bd,80330,curitiba,PR,2017-10-08 19:00:03,I
272f092de69afedd4d2969440b37f18f,3265,sao paulo,SP,2017-02-05 23:22:30,I
d1aa1ec0839dcab73a6161130eb1f94a,80220,curitiba,PR,2017-04-19 10:20:51,I
8e8a7ce9f2f970dc00e2acf6f6e199f6,24710,sao goncalo,RJ,2017-11-30 16:02:21,I
d7827b2af99326a03b0ed9c7a24db0d3,86076,londrina,SP,2018-04-12 19:18:18,I
3935fe5fe0f82787a9dcb8deb62be09d,4905,sao paulo,SP,2018-04-17 09:59:30,I
119d1aef1b4144adba89163f6cd9f5d4,13920,pedreira,SP,2017-05-26 20:01:38,I
9a1aea68d3efa00862ec88c0768037d0,15806,catanduva,SP,2018-02-09 00:14:41,I
a9b533a26e898b12e8b8d4c07279bf4d,21545,rio de janeiro,RJ,2017-07-31 08:08:14,I
5b51032eddd242adc84c38acab88f23d,37564,borda da mata,MG,2017-10-30 15:35:32,I
8cc6a0e5738e61a87b03c78b2ba9db4b,37795,andradas,MG,2017-02-02 12:25:09,I
c53bcd3be457a342a97e39e5a9f0be22,49980,neopolis,SE,2017-01-30 23:20:41,I
f4db9b37944bcb8873e6b456ee190bbf,8599,itaquaquecetuba,SP,2017-04-08 19:22:41,I
729b2d09b2a0bdab221076327f13d050,17320,mineiros do tiete,SP,2017-11-14 17:32:32,I
18e694e0e48ed6f7aa3f24aade5fd697,13224,varzea paulista,SP,2018-06-05 19:28:28,I
30a81d8cf85fb2ada1b1b094c9583a95,3563,sao paulo,SP,2018-02-22 01:14:05,I
e64d65bc8dbec2accda90c58de5d1246,13500,rio claro,SP,2017-11-19 13:57:09,I
3903c788ded8dc03b5ebab37a2f3e9a1,6332,carapicuiba,SP,2018-05-25 12:51:58,I
67bf6941ba2f1fa1d02c375766bc3e53,82400,curitiba,PR,2017-09-17 20:41:21,I
897060da8b9a21f655304d50fd935913,14092,ribeirao preto,SP,2016-10-04 13:02:10,I
76c47a299e4a8fe992316a85865acbe9,14075,ribeirao preto,SP,2017-06-22 11:14:21,I
d1b9d4be4b6f9ebd85f8acd6745ba612,34006,nova lima,MG,2017-10-11 14:49:49,I
3ea08c48e851106d2f584349daba335f,36201,barbacena,MG,2018-06-13 21:43:00,I
b81e3a6c866a764974fe849821abeebd,9360,maua,SP,2018-07-14 19:31:09,I
40536e7ca18e1bce252828e5876466cc,7747,caieiras,SP,2017-08-27 15:33:09,I
b494891378bd8f4560abe576c52deacd,4160,sao paulo,SP,2018-06-28 18:50:51,I
09f952a5f58d2285b0372551ae8f9b01,9725,sao bernardo do campo,SP,2017-09-15 09:24:57,I
14d7985702e72162bbf13b6beb74ab2b,9131,santo andre,SP,2017-03-31 14:40:26,I
2c4c47cb51acd5ea5db5e0ae0e26542a,15290,buritama,SP,2017-09-04 09:26:19,I
b416191c9813d821a295cfabafff4161,14407,franca,SP,2017-07-28 14:33:15,I
9616352088dcf83a7c06637f4ebf1c80,87504,umuarama,PR,2017-02-27 18:30:11,I
557f22c76691849db52d2abccf0015d0,75650,morrinhos,GO,2017-05-08 13:45:25,I
968ee78631915a63fef426d6733d7422,99700,erechim,RS,2017-06-08 00:06:50,I
533d46c1b06970e99f09523a61df4972,18200,itapetininga,SP,2018-02-01 19:36:03,I
1dd33b8119b3cb1056ed5dc88cd0aaf4,4710,sao paulo,SP,2017-11-09 13:49:13,I
ac137bac82ffa8548e62bd9d01d2a14f,3631,sao paulo,SP,2017-05-15 20:39:40,I
2dcf93836ae3ce0d7c93e2f10876467a,12240,sao jose dos campos,SP,2018-06-23 14:16:49,I
51702dc2a3e106c76dbff722b5bf0726,13835,conchal,SP,2017-02-23 23:49:22,I
97512d3fc193b2d1dfcdba0f9d1f0f8a,8270,sao paulo,SP,2018-03-20 10:20:27,I
f3975e8a41157005d4bcbb358678cd9b,89870,pinhalzinho,SC,2018-04-02 16:10:57,I
76d336555bb25f3165d2f0d6da719c40,18015,sorocaba,SP,2017-02-03 19:52:09,I
f08a5b9dd6767129688d001acafc21e5,90230,porto alegre,RS,2017-10-07 14:32:01,I
ae45df84722b1d15c5f32b23a095746c,3062,sao paulo,SP,2018-02-22 18:41:33,I
d197aa8fbc64087f61984deef05f6227,12224,sao jose dos campos,SP,2018-05-16 21:36:57,I
afa6714acee029b2dfdf357e5579cc03,13690,descalvado,SP,2016-10-08 15:42:14,I
520b493b57809f446cb0a233bb3e25c7,11075,santos,SP,2017-03-10 20:04:32,I
9b1ab052f5fca308ba743ac789ebb2e1,85200,pitanga,PR,2017-04-05 22:29:43,I
bab0a8cd684e41ba6e2637dca0979d3b,22793,rio de janeiro,RJ,2017-08-22 13:33:36,I
b83cedfb587e7911540e3f576d6917ce,4870,sao paulo,SP,2017-06-23 17:21:18,I
0ef83d7d83ed97cd2a0049ac8be5f88a,80230,curitiba,PR,2017-11-24 11:01:15,I
d13e50eaa47b4cbe9eb81465865d8cfc,9210,santo andre,SP,2018-08-04 09:09:37,I
37303482a42fb700d8d127e70a9cd6c8,13070,campinas,SP,2017-12-11 14:52:54,I
b2bdc5e7940a7d7ca8c4a37953b27a42,13880,vargem grande do sul,SP,2017-10-30 14:25:15,I
5c6d4016c2a288f074fa0848a2b653d2,1209,sao paulo,SP,2017-09-27 19:12:25,I
da8622b14eb17ae2831f4ac5b9dab84a,13405,piracicaba,SP,2017-02-05 21:46:05,I
fe26f3ecb51a15e6d8335cd92da42562,4365,sao paulo,SP,2017-11-17 13:15:59,I
5151aea44289d6c6b090ee31c2132508,17515,marilia,SP,2017-02-17 15:29:41,I
9c351405b754cc5ce3e2ecf277bb034a,3134,sao paulo,SP,2017-03-28 16:59:13,I
13511db12ac61e2f89c53b72a944a60b,95020,caxias do sul,RS,2018-04-23 13:50:35,I
4b90495391ac0bd181a80a459df1e718,96400,bage,RS,2016-10-05 22:24:40,I
b37c4c02bda3161a7546a4e6d222d5b2,3667,sao paulo,SP,2017-04-23 12:07:48,I
5f1dc28029d2c244352a68107ec2b542,5126,sao paulo,SP,2017-01-17 12:15:42,I
710e3548e02bc1d2831dfc4f1b5b14d4,86600,rolandia,PR,2016-10-07 10:18:50,I
485452467ff670447e84a8370c3fc898,89190,taio,SC,2018-02-02 14:32:10,I
4d8809767a5bafe22909c77951fb6b41,6803,embu das artes,SP,2017-10-25 17:17:47,I
3ab971ce71839580d2ae5b4e40fe8044,3210,sao paulo,SP,2018-06-03 17:41:43,I
9d4db00d65d7760644ac0c14edb5fd86,18025,sorocaba,SP,2017-12-24 12:20:23,I
1dcfa3835714681d4ba4a93bc1e0fd41,16200,birigui,SP,2017-07-27 09:24:18,I
6da1992f915d77be95d7fa48b36904af,1026,sao paulo,SP,2017-04-27 16:24:28,I
d4f117125b59ce73c3302f88ee40c458,4058,sao paulo,SP,2017-12-05 19:02:08,I
1de62b6f2fd96227629786db492433db,16021,sp,SP,2018-06-14 21:05:33,I
30a2f535bb48308f991d0b9ad4a8c4bb,13457,santa barbara d'oeste,SP,2017-02-04 15:05:16,I
a36b125ac6d5fdbc7f50de85c9157bdc,14020,ribeirao preto,SP,2016-10-10 09:23:48,I
1336efc61c316ddf92c899eb817f7cae,19800,assis,SP,2017-01-22 21:42:56,I
620c87c171fb2a6dd6e8bb4dec959fc6,25645,petropolis,RJ,2016-10-04 13:15:46,I
ab91571efab27993ff2f6b36e38055c3,4319,sao paulo,SP,2018-03-23 17:02:20,I
63a79f5a7eb5cb48a7e5787b141c7993,38701,patos de minas,MG,2018-04-11 12:14:12,I
070d165398b553f3b4b851c216b8a358,3916,sao paulo,SP,2017-08-24 10:29:36,I
b64d51f0435e884e8de603b1655155ae,7077,garulhos,SP,2018-04-07 11:00:35,I
9fc70243fb26800cba56e8f014797004,30270,belo horizonte,MG,2017-11-13 15:17:00,I
1cbcd2ee0afb3fc09963b87eb65e7e4f,82640,curitiba,PR,2018-06-18 11:15:23,I
344223b2a90784f64136a8a5da012e7f,89117,gaspar,SC,2018-01-17 22:10:43,I
4c8b8048e33af2bf94f2eb547746a916,14940,ibitinga,SP,2017-08-22 16:50:10,I
7a704e63bb29c446869efde5d57524c8,85601,francisco beltrao,PR,2018-01-25 14:19:53,I
88460e8ebdecbfecb5f9601833981930,87030,maringa,PR,2017-11-21 12:32:07,I
7d76b645482be4a332374e8223836592,1511,sao paulo,SP,2017-07-27 20:53:35,I
296729ffb9b684050dd24836dac4494a,80240,curitiba,SP,2018-05-10 10:11:34,I
5f06030071324cc52bf0304014ac7234,17514,marilia,SP,2017-08-20 17:34:32,I
c542f5a8c64d973f30e9df8d06f70b4a,2013,sao paulo,SP,2017-01-18 09:52:32,I
d36b07fd3c5088e477a72d1fccfe29d4,18200,itapetininga,SP,2017-05-06 11:20:18,I
46ef1a25845fc051c2998d878354810c,35530,claudio,MG,2017-09-13 22:26:26,I
a61cc04793308395a840807104365121,13240,jarinu,SP,2018-05-03 09:31:04,I
cac4c8e7b1ca6252d8f20b2fc1a2e4af,13347,indaiatuba,SP,2016-10-08 17:43:26,I
cc63f0dd2acba93ffed4fe9f8e0321fa,15025,sao jose do rio preto,SP,2018-05-10 14:37:54,I
b29d3380981c51df13fc6fbe87e1763d,14057,ribeirao preto,SP,2018-04-28 14:49:58,I
a53f60f05f822b5c621a50ff6a5cb362,38402,uberlandia,MG,2018-06-25 16:19:23,I
dbec9a0a7efeff029d4d9dce7dc4cc95,31920,belo horizonte,MG,2018-06-15 21:45:12,I
8de8fe3af4449ed695d2434c933ed73e,1215,sao paulo,SP,2018-08-04 15:52:54,I
aa762680c40618316a896838866140ea,82510,curitiba,PR,2018-04-06 22:32:42,I
577719699805dd125d5b6fdde5943bba,95150,nova petropolis,RS,2018-04-19 17:28:29,I
13dd308f81fea30cc670c656b2b46cc3,13454,santa barbara d'oeste,SP,2018-07-30 23:51:39,I
01fd077212124329bac32490e8ef80d9,14079,ribeirao preto / sao paulo,SP,2018-04-16 10:44:09,I
7a188843479798ca813108fa7b959286,4276,sao paulo,SP,2017-11-20 11:45:27,I
cb32766839f443db85c82a43c4a6c19e,13506,rio claro,SP,2017-02-10 15:43:45,I
7aa538dd6e114e503a2e6154ea352253,15807,catanduva,SP,2018-04-23 17:55:31,I
e0a3c37054ade6478d923a6efc10f308,88340,camboriu,SC,2018-07-03 20:23:05,I
0d4c8269e7f0401201794deef160edd6,14076,ribeirao preto,SP,2017-10-17 22:36:32,I
3d68c634a99a1ba46dbca3967a69c623,88270,nova trento,SC,2018-07-22 15:43:14,I
8fbe2ee446b97e128471be4ce983dc0d,18103,sorocaba,SP,2018-06-19 14:01:34,I
e0b162a693bc7f9eab00f783a31d60ea,96020,pelotas,RS,2018-05-04 13:13:49,I
1f867308a0ce13133a4e639ff4de0c02,82510,curitiba,PR,2017-09-25 12:07:37,I
06a2c3af7b3aee5d69171b0e14f0ee87,65072,sao luis,MA,2018-01-19 09:51:37,I
2e90cb1677d35cfe24eef47d441b7c87,2285,sao paulo,SP,2017-03-08 21:55:07,I
9315e491484b1b0081ca166fc164108d,86039,londrina,PR,2018-07-06 14:41:04,I
adbc26658d6c7b4b6219f9d934598091,81770,curitiba,PR,2017-08-28 11:44:24,I
0ffa40d54288e4f3499b8780dd0f144f,19013,presidente prudente,SP,2018-01-10 08:52:43,I
d05ae8f7a5bd1d2a690a44cd079e4e27,22775,rio de janeiro,RJ,2017-04-22 16:02:43,I
508808d438fe2ff972ed13bb8f4a82e2,3963,sao paulo,SP,2018-08-04 21:13:47,I
28fb0829fd777877cdc350d25cb5bd5b,15051,sao jose do rio pret,SP,2017-10-29 17:10:13,I
c794dab4928dd97beb41d05514441e86,13160,artur nogueira,SP,2017-12-08 09:46:41,I
1976a05ecf2996d6ffb7b5430e635fe7,19806,assis,SP,2017-02-25 11:11:52,I
c70a353f02429c00775a46a75fb787da,8275,sao paulo,SP,2018-07-17 18:27:15,I
39d61be7a92eb77b7da367bd4845bc0e,13420,sao paulo,SP,2018-03-21 20:35:30,I
c510bc1718f0f2961eaa42a23330681a,13330,indaiatuba,SP,2018-04-17 11:10:00,I
8cf21434553b02cbd37c0bbd07e041b0,88102,sao jose,SC,2017-11-24 15:16:27,I
edd066cd02126d7800f9b66e980e9931,70070,brasilia,DF,2017-06-17 11:42:52,I
cf281cf8b7affbdfe751b29cc85580e1,61760,eusebio,CE,2016-10-06 13:38:39,I
392353362d22cc2c236e1ee81ff19890,89069,blumenau,SC,2018-04-13 22:12:39,I
1f7fd2a6fcd5a6fa5d8a4dabc72aaae0,95800,venancio aires,RS,2017-04-05 15:15:05,I
c878515173c84a492ebe50d6b493230b,85880,itaipulandia,PR,2017-03-13 14:28:41,I
77714512e8d4dda9c234da8e3faf16e4,7056,guarulhos,SP,2018-07-27 09:58:16,I
0eaa7e33d73809f1f925f7d07c506cbd,9111,santo andre,SP,2017-04-10 10:28:48,I
bcf5566870987da7bc811fbc8c5b9fd9,3378,sao paulo,SP,2017-08-10 09:31:59,I
3d01d1c414c44b5943a09619ff3853cb,13040,campinas,SP,2016-10-05 17:21:29,I
2e1c9f22be269ef4643f826c9e650a52,4850,sao paulo,SP,2017-07-18 13:44:30,I
00fc707aaaad2d31347cf883cd2dfe10,87025,maringa,PR,2018-01-31 15:33:18,I
52f6f9f13ba19504c02781132a049e75,80540,curitiba,PR,2017-03-25 09:08:41,I
83c8aafbefb034674a70de0eac5b8954,85601,francisco beltrao,PR,2018-03-28 21:35:46,I
58e4b302b54937e55a678c4d15111da4,83402,colombo,PR,2017-01-26 11:09:11,I
d1c281d3ae149232351cd8c8cc885f0d,14940,ibitinga,SP,2017-02-14 23:12:30,I
33c51922b6e3c16b24a8f28e5833c99d,86010,londrina,PR,2017-12-02 08:50:05,I
f80edd2c5aaa505cc4b0a3b219abf4b8,3431,sao paulo,SP,2017-04-06 15:51:57,I
0761743cbffb25d7148189e9f1a5f03a,14096,ribeirao preto,SP,2017-11-30 09:38:21,I
0b46f784306be7200ca1700aa55d819f,31210,belo horizonte,MG,2017-03-19 08:36:36,I
7a9c12e235c36247c3c81f50d6ea9cea,9541,sao caetano do sul,SP,2017-03-31 23:54:45,I
8629c241b3622ac12cd4118afdc8d394,14090,ribeirao preto,SP,2018-03-19 16:11:16,I
3ade81dab5a172b88e1871c28ae05260,15076,sao jose do rio preto,SP,2017-10-06 09:42:10,I
562fc2f2c2863ab7e79a9e4388a58a14,13070,campinas,SP,2018-01-15 18:33:21,I
7dc8c42cc750eeafea6c85712ffee9bf,5424,sao paulo,SP,2016-10-07 19:02:48,I
247587846358bb1d2e4c6522020b36fe,15093,sao jose do rio preto,SP,2018-06-17 22:05:56,I
a35ef466c6fd6d052f5d241240d3c5e2,93347,novo hamburgo,RS,2017-08-14 23:18:10,I
f1c1ac3f3efc07e659c035008e615e66,2119,sao paulo,SP,2017-03-30 12:39:15,I
df0f42bc4c2142eacf0eaf2cffd0cfbb,88306,itajai,SC,2017-11-19 21:30:09,I
40db9e9aa57f7bb151bcda6b0f9bdbb7,52010,recife,PE,2018-02-09 09:48:04,I
68ca56ce86830f3d31b1b7ec6a54da3e,83280,guaratuba,PR,2018-07-11 18:16:29,I
960945e1a9535cbc0cd6ddd35fbe7ae8,8290,sao paulo,SP,2018-05-07 18:29:38,I
c00396cbdd2e088fe4281baa5920aef1,83535,campo magro,PR,2018-04-04 14:36:46,I
8d92f3ea807b89465643c219455e7369,3052,sao paulo,SP,2017-01-25 16:38:10,I
7e26c750b4cb9f6766f58265ff9ebe95,30270,belo horizonte,MG,2017-02-03 16:10:44,I
5a8e7d5003a1f221f9e1d6e411de7c23,13076,campinas,SP,2016-10-04 22:03:46,I
6d1b9c9579132c87d2703ec38c30f2c5,82515,curitiba,PR,2017-02-21 21:19:19,I
20f0aeea30bc3b8c4420be8ced4226c0,13456,santa barbara d'oeste,SP,2017-02-05 19:13:56,I
575df70bde3f9f2b30bf8d2e9910d725,15075,sao jose do rio preto,SP,2016-10-06 15:19:40,I
5d3bb11474a06bdc23fb9e89f1164ee0,19804,assis,SP,2017-07-05 21:58:22,I
c35affa65afd250151285c5917fc1c8a,8050,sao paluo,SP,2017-11-04 17:06:18,I
e59e489e2ea74bd409b798b5daf49de3,87060,maringa,PR,2017-09-05 18:29:33,I
7d948535954aaf8c5d39db007f74372e,11442,guaruja,SP,2017-07-02 18:28:14,I
c7b7db6c8f3c64a7cc1afa634db21d50,4367,sao paulo,SP,2018-03-11 10:27:45,I
1352e06ae67b410cdae0b2a22361167b,26051,rio de janeiro,RJ,2017-04-07 18:12:59,I
3bb548e3cb7f70f28e3f11ee9dce0e59,87040,maringa,PR,2017-03-05 14:10:40,I
522620dcb18a6b31cd7bdf73665113a9,85801,cascavel,PR,2016-10-03 09:44:50,I
d32e3909cfb714fb2a6cb092c85b9c5f,13215,jundiai,SP,2017-08-10 17:08:10,I
e5c84227854980f1db19a58958c551d9,83823,fazenda rio grande,PR,2018-07-26 16:14:02,I
ce7d1888639e6fb06b2749cbfdac1ff7,37443,baependi,MG,2017-08-12 20:33:46,I
693660429f9dc4ff704eb3d88dad54d7,9170,santo andre,SP,2018-07-22 17:24:17,I
2cb4700db635baa1c0d4f90ed27b6669,81070,curitiba,PR,2017-03-15 23:15:28,I
a4b6b9b992b46e9ef863637af96e04bc,88090,florianopolis,SC,2017-02-18 12:45:31,I
ff1e15b778c700abdd4d239b81ac466d,81260,curitiba,PR,2018-08-02 12:06:18,I
820c7c9eaf76d2b226b6c242bcf3f34d,4756,sao paulo,SP,2017-01-30 17:33:05,I
85d9eb9ddc5d00ca9336a2219c97bb13,31255,belo horizonte,MG,2016-10-06 09:07:52,I
a673821011d0cec28146ea42f5ab767f,3809,sao paulo,SP,2017-02-27 19:54:44,I
ebe3dabc4955c9b0d695e7bda38bf5c3,14085,ribeirao preto,SP,2018-02-20 15:22:53,I
ca7c6bd577e559472af1c699de9e764e,9812,sao bernardo do campo,SP,2018-03-22 11:49:41,I
c8b3445d737de6befde0c88ede534a5e,5734,sao paulo,SP,2017-11-17 10:26:28,I
eb5b6204dde3a6e03b5f1bb8479f055b,6900,embu guacu,SP,2017-12-16 19:22:08,I
4a5b36211b1f51bf7eaa5c10a57fa483,24445,sao goncalo,RJ,2018-08-05 21:20:52,I
2e1a7d075abe038c1b2743005fe42ff1,3461,sao paulo,SP,2017-08-25 15:24:46,I
973f21788dfab357250f69a8dcb7ddee,35530,claudio,MG,2017-01-25 15:47:27,I
ba89796db68db180bd389de96b2ff3b6,5763,sao paulo,SP,2018-07-13 13:42:50,I
b9ec22de23f18567de0e09d776ca0309,72318,brasilia,DF,2018-06-22 14:30:06,I
79ee721b6f766066a80264402548d359,17011,bauru,SP,2017-02-01 15:21:50,I
11bfa66332777660bd0640ee84d47006,14085,ribeirao preto,SP,2017-09-06 20:20:25,I
7d484ca289afaac6bf5fc6a1e96d2226,79104,campo grande,MS,2018-08-05 13:27:49,I
5160d23075764e18e07c1f4a87fad743,9720,sao bernardo do campo,SP,2017-08-14 18:37:59,I
3a1a1fec38dd360f15fc912e821e169d,2451,sao paulo,SP,2017-10-28 12:12:48,I
141440cad9341e553f8401c574a2aa38,85200,pitanga,PR,2018-05-01 12:22:52,I
05aebce0b5c8f0d41b29b686f2d05fd3,3962,sao paulo,SP,2018-03-05 16:24:44,I
dd39ad39b5d3df33037e141c72497ba6,4282,sao paulo,SP,2017-05-03 10:35:16,I
695051e2981c8b19e77cafe450d5bdf3,6276,osasco,SP,2017-12-08 12:19:26,I
dd55f1bb788714a40e7954c3be6df745,1021,sao paulo,SP,2017-11-10 09:22:13,I
ae7ab174effdead6c241e547e4ca13f0,86703,arapongas,PR,2018-06-11 10:22:49,I
9d7a1d34a5052409006425275ba1c2b4,14403,franca,SP,2017-07-17 16:18:44,I
8c351ed7c326c62123318f4f3246e906,11701,praia grande,SP,2017-12-27 09:08:17,I
dc4a0fc896dc34b0d5bfec8438291c80,14940,ibitinga,SP,2017-02-04 21:27:04,I
3a4127e1ba7208ea37044c5092aae170,8226,sao paulo,SP,2018-04-19 07:58:35,I
7c4402417d51474d4d0cda9557340e40,9530,sao caetano do sul,SP,2017-05-08 16:31:38,I
b9ca8e8baa5d4aa038394a700f63e69f,3001,sao paulo,SP,2018-04-23 14:23:32,I
3968920b9aa752ab98f7d5888c9252f2,17056,bauru,SP,2018-05-03 19:10:38,I
9b522ba7eae9e1d04082f267144583cc,4843,sao paulo,SP,2017-05-17 18:00:42,I
539ed9e19811677513447759be5eccfc,31520,belo horizonte,MG,2018-06-16 18:52:33,I
e26901d5ab434ce92fd9b5c256820a4e,9350,maua,SP,2017-01-30 15:32:24,I
9d5604a1f112324ad6b2aa552122e0fb,88075,florianopolis,SP,2017-11-14 22:00:16,I
a6fe7de3d16f6149ffe280349a8535a0,14401,franca,SP,2017-07-11 19:38:14,I
aac29b1b99776be73c3049939652091d,38408,uberlandia,MG,2017-01-25 12:48:49,I
54a1852d1b8f10312c55e906355666ee,13456,santa barbara d'oeste,SP,2017-01-12 12:01:14,I
88ae906ea2acf6971f26c3e8b7cb4357,1550,sao paulo,SP,2018-04-27 14:42:36,I
bba8d0c234a52b87b3957037a215d1a4,74343,goiania,GO,2018-05-04 19:24:09,I
c826c40d7b19f62a09e2d7c5e7295ee2,7133,guarulhos,SP,2017-08-27 13:02:01,I
a425f92c199eb576938df686728acd20,81050,curitiba,PR,2016-09-05 00:15:34,I
3c3017960b2dbd72711a61f0400aab8f,89251,jaragua do sul,SC,2017-01-21 11:43:35,I
ab9db4cf53b08b828b64dccaafc2d9f0,96530,paraiso do sul,RS,2017-05-18 17:35:59,I
113e3a788b935f48aad63e1c41dac1bd,12570,aparecida,SP,2017-07-22 13:30:25,I
94c49f20a123aeb9360dbf80ff912bf6,18015,sorocaba,SP,2017-05-22 11:12:38,I
1ca4bdb0cd7fc48e949bac066188ed26,36773,cataguases,MG,2018-03-22 14:08:52,I
d12c926d74ceff0a90a21184466ce161,2634,sao paulo,SP,2016-10-06 23:21:10,I
71dc18fd8cbf5fd77f45dd8b427abb34,82520,curitiba,PR,2017-02-14 12:56:01,I
b43d8b707f887a30f4675391098354a0,44600,ipira,SP,2018-04-07 23:06:26,I
f235413f677777a0738ff215d0184901,17250,bariri,SP,2017-01-16 18:36:49,I
985c92cc412091f8529c12d7f23d3fef,36300,sao joao del rei,MG,2018-05-04 13:31:43,I
038b75b729c8a9a04b0d07cba7eabe86,12231,sao jose dos campos,SP,2018-04-20 12:29:17,I
a4b8d97cd5d3674eeff96abc99d8ed67,13177,sumare,SP,2018-06-13 12:16:02,I
ffad1e7127fb622cb64a900751590acd,13465,americana,SP,2018-03-13 14:21:08,I
594f9aaa48e5bf431f011ddc5669b0d5,32185,contagem,MG,2018-04-26 08:51:45,I
eba88037e1dca898cd02881f67ced679,3647,sao paulo,SP,2017-04-26 14:18:33,I
01ed254b9ff8407dfb9d99ba1e17d923,8710,mogi das cruzes,SP,2017-08-04 10:33:43,I
f7ccf836d21b2fb1de37564105216cc1,14940,ibitinga,SP,2017-12-08 13:53:26,I
7e3f87d16fb353f408d467e74fbd8014,4809,sao paulo,SP,2017-06-29 10:43:25,I
9140bd1d9de28b197dce077bdd687438,13900,amparo,SP,2018-05-21 21:49:55,I
a2b911e9ad40dc7d61c142a4683e2d85,27353,barra mansa,RJ,2017-05-10 17:44:55,I
a56e351445e5863fc8960640ba9190c7,88306,itajai,SC,2018-04-06 21:36:54,I
bb135baca94c82fcb731335ad5b04a03,4362,sao paulo,SP,2017-01-21 06:58:31,I
a353b1083c9863d756d9404695016d64,29150,cariacica,ES,2017-12-07 23:37:37,I
b56828a9f9027f3c918c04ca720d9e3c,11707,praia grande,SP,2017-10-03 14:05:27,I
6e0908ef4d4efadbc3cc2b74ea477cb0,20910,rio de janeiro,RJ,2017-02-05 17:06:00,I
5d9f3746e112e696f98ea22c56b3e912,3171,sao paulo,SP,2018-07-24 17:36:19,I
c8143b3069f6746a77421b5ce30a450c,75345,abadia de goias,GO,2017-07-02 13:10:36,I
f5f46307a4d15880ca14fab4ad9dfc9b,89165,rio do sul,SC,2017-07-12 14:37:58,I
4830e40640734fc1c52cd21127c341d4,3573,sao paulo,SP,2017-07-25 17:24:33,I
dbb9b48c841a0e39e21f98e1a6b2ec3e,3929,sao paulo,SP,2017-01-11 10:24:36,I
8fb67a334bacec338885b4e9e1708073,85905,toledo,PR,2018-07-15 12:57:04,I
c6a7539d424a8402232c2228d7a03c5e,3191,sao paulo,SP,2017-09-05 13:30:15,I
72c5da29406b4234927b81855e7b64f6,7077,guarulhos,SP,2018-04-07 17:15:59,I
e83c76265fc54bf41eac728805e4da77,16074,aracatuba,SP,2017-02-10 17:43:20,I
a72f15980dc3e9bfd1a49ac9b2f3af65,17512,marilia,SP,2018-07-25 16:18:46,I
ad738d3fcf42655ed15c4960b7b6c601,93425,novo hamburgo,RS,2017-05-21 23:42:14,I
0ed6ce5d87fd9c69eaacaeb778d67235,13473,americana,SP,2017-10-05 17:40:46,I
00d8b143d12632bad99c0ad66ad52825,30170,belo horizonte,MG,2018-03-21 11:17:37,I
fedf2c1386e137f296b3bbf3b635e69d,3410,sao paulo,SP,2018-02-28 09:08:07,I
8bdd8e3fd58bafa48af76b2c5fd71974,1552,sao paulo,SP,2018-01-12 20:53:30,I
4391ea5c5990502176a1dcda44a2373d,91910,porto alegre,RS,2017-10-15 19:48:23,I
38e6dada03429a47197d5d584d793b41,4763,sao paulo,SP,2017-09-06 19:27:08,I
6973a06f484aacf400ece213dbf3d946,12230,sao jose dos campos,SP,2018-01-22 15:14:12,I
e83e93b71371817b11d78a63ff156aee,6409,barueri,SP,2017-02-07 20:31:37,I
9bade61a92bed55a25d2b67b9f4ed739,83005,sao jose dos pinhais,PR,2018-03-07 16:42:57,I
c6381b1321d7d97717a5bb4ed5b77882,4276,sao paulo,SP,2018-07-09 20:42:03,I
d29ba1220fb8634fa3a107e54497b8a4,13560,sao carlos,SP,2018-04-15 17:04:07,I
226b05fe067266c59c15dae208213d06,81520,curitiba,PR,2018-03-08 23:14:39,I
578460d8319c51dab351cd9db95eadfe,74550,goiania,GO,2017-08-21 15:01:40,I
328acb143b4a73aad6bee8e734f5d20d,85865,foz do iguacu,PR,2017-02-06 13:51:28,I
86ff3eaef0267069cc891a2ed9d10a17,88135,palhoca,SC,2018-04-17 15:19:13,I
5f7300535881cef3b625fd683cf7d145,92020,canoas,RS,2017-10-15 23:06:38,I
0cbcee27c791afa0cdcb08587a2013a8,37410,tres coracoes,MG,2016-10-09 15:39:56,I
20611af7866c6068fd5ae1f9dbe15c92,13660,porto ferreira,SP,2018-07-14 20:11:04,I
3d2531eccfbde1d7c8db7a3a12fb267a,31340,contagem,MG,2018-04-24 10:19:45,I
fcdd820084f17e9982427971e4e9d47f,14075,ribeirao preto,SP,2018-03-07 15:15:15,I
d8dd176509baa37f359644d082bf7f7b,9570,sao caetano do sul,SP,2017-11-16 13:02:20,I
cb5ff1b9715e99589f3e0c7a6afab9e3,87060,maringa,PR,2018-08-02 12:05:14,I
9b1f656ca3060f8af17a50d8a024b533,11013,santos,SP,2018-07-25 12:32:23,I
43a5d4a57af536fddc96d08be3afdfcb,37006,varginha,MG,2017-06-14 20:17:04,I
b1a81260566c1bac3114a6d124413f27,99500,carazinho,RS,2018-03-11 10:24:44,I
080199a181c46c657dc5aa235411be3b,6097,osasco,SP,2017-09-20 05:02:16,I
cca3071e3e9bb7d12640c9fbe2301306,14940,ibitinga,SP,2016-10-03 22:06:03,I
788e857f317e53de488d393e65a80f45,8280,sao paulo,SP,2018-05-28 16:37:29,I
d51e0a403fe2e689ece6c73359d96e12,17580,pompeia,SP,2017-08-21 15:49:41,I
b080809eaacb49e5ca07290981472431,30431,belo horizonte,MG,2017-02-24 17:04:27,I
7f7b8245c336066a1f9933c359f11d77,13800,mogi mirim,SP,2018-04-11 16:00:34,I
8648b1e89e9b349e32d3741b30ec737e,12308,jacarei,SP,2017-09-28 08:26:10,I
d50d79cb34e38265a8649c383dcffd48,8290,sao paulo,SP,2016-10-08 15:02:10,I
f214d28e8d8e3ef068748498ccc2f813,3872,sao paulo,SP,2017-08-13 12:10:48,I
717b78b0950b51ed00b1471d858b0edc,18220,alambari,SP,2018-01-21 23:47:05,I
aa2640d851ec322526f1295bbeb20092,1156,sao paulo,SP,2018-05-06 21:13:51,I
ebd2d60905fb58271facef5596b620d3,18683,lencois paulista,SP,2017-02-13 14:48:03,I
efcd8d2104f1a05d028af7bad20d974b,16012,aracatuba,SP,2017-04-26 03:54:32,I
6562efe88ce0826a4ca4f189f03b4b84,87005,maringa,PR,2017-03-14 08:47:46,I
400f221ab83037c0ea78f1267da9624d,17700,osvaldo cruz,SP,2017-10-11 19:51:04,I
530ec6109d11eaaf87999465c6afee01,85807,cascavel,PR,2017-05-24 12:17:36,I
a5259c149128e82c9d6d46e0c1c812bb,76900,ji parana,RO,2017-07-31 13:45:07,I
f543ba3c973276f519d89d59bd46cead,15030,sao jose do rio preto,SP,2018-02-09 17:36:42,I
89f69225956f951295ca4c7fb1266553,27700,vassouras,RJ,2018-05-13 21:20:26,I
8b11118053756a9a2932f447e11fc1b5,17350,igaracu do tiete,SP,2016-10-06 22:34:03,I
6bb62a4912377c7bfe7cb17b406bc7e6,13215,jundiai,SP,2018-07-30 15:26:34,I
f9d010e39375d9c91dce3f40b73a2f84,12600,lorena,SP,2018-02-17 15:54:49,I
052577151711aec5c744fe12e66db3e1,89136,rodeio,SC,2017-10-26 18:35:40,I
0adac9fbd9a2b63cccaac4f8756c1ca8,13290,louveira,SP,2017-01-22 20:25:54,I
269cff2d3c8d205c11f37a52402ea93b,15803,catanduva,SP,2018-06-28 08:44:49,I
402916f742e5c740cc751493d9cf5053,39740,guanhaes,MG,2018-08-05 20:23:26,I
443d880f15cbd3572885e1d44bf2c478,17506,marilia,SP,2017-07-21 09:28:29,I
6d22a1fcebb6dd08c9cd90b92a93e8d0,89215,joinville,SC,2017-08-27 23:06:38,I
04aba03279157f6d4e0fe8ccaf21963c,28470,santo antonio de padua,RJ,2017-05-10 11:51:13,I
b39d7fe263ef469605dbb32608aee0af,14940,ibitinga,SP,2017-09-16 14:51:37,I
ca77545ca4d2dfd1431bf61334e2fa3c,87020,maringa,PR,2018-01-02 09:37:13,I
36890be00bbfc1cdb9a4a38a6af05a69,6040,osasco,SP,2018-06-04 19:51:43,I
7b0df942f46435babab05d49b744b2c4,12924,braganca paulista,SP,2017-02-03 10:09:40,I
f26d70155c2b6326fcfa1780c8c684e4,89150,presidente getulio,SC,2017-06-26 16:50:06,I
42fb44130ac3134cde8e35cf8ec7df25,12995,pinhalzinho,SP,2017-02-04 10:12:38,I
dd9661d3cda1e6feb237f0c4d8b26f2e,89620,campos novos,SC,2017-10-12 09:19:59,I
f27e33c6d29b5138fa9967bcd445b6d5,4273,sao paulo,SP,2017-07-25 12:31:12,I
55d3daac7c404d59e51c2aa2f4dc5a23,2150,sao paulo,SP,2017-05-31 07:40:50,I
659e8466eb3ff1b0e8740d74fb7bbedd,45820,eunapolis,BA,2017-05-18 04:17:44,I
1c40343cc5d18c2d8248ac2f3366de34,13482,limeira,SP,2018-05-28 21:38:55,I
e3a386fc36e22064434e1fa256f6a9fa,13165,engenheiro coelho,SP,2018-01-23 17:08:56,I
c9aafcd0621b2207c10e32c649cada4d,8011,sao paulo,SP,2018-07-14 21:25:42,I
72431a818f97fe6ab9c81eee3e297e54,13390,rio das pedras,SP,2018-04-13 11:22:56,I
184a67a8f9f63234d3a92340bbdb727f,89220,joinville,SC,2016-10-04 15:02:37,I
9fe7c6641c79970ab48185498f547c09,3147,sao paulo,SP,2017-07-10 20:58:17,I
08ad4ac1388e4420ca531c3edfc46198,6663,itapevi,SP,2018-06-11 19:55:25,I
6fc26fe110feebd80a433e1f012a84f9,15601,fernandopolis,SP,2017-01-29 04:52:16,I
2f4b9d112bfa44a214bc6cef085d17c8,29600,afonso claudio,ES,2016-10-07 10:06:58,I
ab27bbbad5239bc31a34709275a70db4,18279,tatui,SP,2017-10-31 17:54:25,I
c37b2059d4f90d4feead554e5246565e,5170,sao paulo,SP,2017-11-03 16:43:28,I
f43827dd686be3a4a80e00aa299990fb,15055,sao jose do rio preto,SP,2018-01-25 10:09:48,I
e601b04acf48b4576e73ddca9481f0dc,4476,sao paulo,SP,2018-04-13 08:56:04,I
98dac6635aee4995d501a3972e047414,2030,sao paulo,SP,2017-04-26 11:30:38,I
3d39fbf22a665714baf62fae36029e23,13040,campinas,SP,2017-01-14 21:28:46,I
a49928bcdf77c55c6d6e05e09a9b4ca5,3017,sao paulo,SP,2017-06-07 20:32:48,I
b12cfd255810394b60caef18ae163547,85810,cascavel,PR,2017-11-20 16:52:14,I
a1bea7061f61f6fdd9a85a6325ba1033,6311,carapicuiba / sao paulo,SP,2018-06-27 11:26:01,I
3c88ed2e76a2247933a15daa7161eb1c,13154,cosmopolis,SP,2018-02-01 21:45:16,I
51ed72984a04e5dd35c2b27e77179038,15050,sao jose do rio preto,SP,2017-11-11 19:29:52,I
606ce7768feac12c5e8bd58db8b08f0f,13084,campinas,SP,2018-04-24 19:18:38,I
6879c4d287a8dd06b11f54ea8f78e4da,6186,osasco,SP,2018-06-13 23:58:54,I
0d85bbda9889ce1f7e63778d24f346eb,38414,uberlandia,MG,2017-03-22 17:40:51,I
4c61e37f664c3c88aff092aa5ac779d7,24020,niteroi,RJ,2018-03-10 18:18:20,I
b44dbfbf62e52125f3c15d230569ea91,4251,sao paulo,SP,2018-04-19 11:45:55,I
d624126b9206f595fb3fbb6ba03b28a8,80045,curitiba,PR,2017-05-14 21:45:11,I
26d8a1c7c75d513045798992ead43aa2,86800,apucarana,PR,2017-08-17 02:43:54,I
e6a69c4a27dfdd98ffe5aa757ad744bc,4424,sao paulo,SP,2017-02-01 17:21:33,I
6bd69102ab48df500790a8cecfc285c2,4293,sao paulo,SP,2017-06-26 13:44:08,I
f181738b150df1f37cb0bd72e705b193,6317,carapicuiba,SP,2017-05-15 19:45:02,I
4305fe92735c8a43d154ff6dd2b8d927,35170,coronel fabriciano,MG,2017-07-26 17:16:18,I
4f1f1c8666cdb6442f775c4e8caed465,30240,belo horizonte,MG,2018-07-25 22:39:01,I
7dea6f73af847b42cc3985bd620f994d,85813,cascavel,PR,2018-08-04 13:01:25,I
a0a14e50070f3225b3eabba5b85da517,81900,curitiba,PR,2018-07-30 19:14:39,I
bd4889b5e9133b35b66e42a8665cea5c,2963,sao paulo,SP,2017-04-08 19:30:11,I
0b3f27369a4d8df98f7eb91077e438ac,7412,aruja,SP,2017-11-13 15:19:44,I
d5c530f4884a75ae0dba9c148718d278,35660,centro,MG,2017-09-15 13:52:28,I
5ab05b6d86d417796c69ffd6774ec832,19815,assis,SP,2017-01-20 21:20:07,I
d4d99b60c4c94cd35acd502cec65dc8d,4904,sao paulo,SP,2016-10-09 12:13:58,I
9de4643a8dbde634fe55621059d92273,89225,joinville,SC,2017-01-13 15:11:16,I
3be634553519fb6536a03e1358e9fdc7,8275,sao paulo,SP,2017-07-09 11:27:14,I
b906dd0e57f282c7089171b6ed07982e,87083,parana,PR,2018-04-18 01:06:13,I
ed46f1eb4a638113deb2a1137b5f22e9,89080,indaial,SC,2018-07-26 16:11:51,I
c8025364abeecb115431bf95c11a747f,90630,porto alegre,RS,2018-05-16 19:07:31,I
04308b1ee57b6625f47df1d56f00eedf,88215,bombinhas,SC,2017-11-14 16:57:33,I
457fe919b032a3f7dadba6fb92cf7855,13140,paulinia,SP,2018-05-02 18:19:06,I
f3055483058c84d75ca2a3314fb4deef,40368,salvador,BA,2017-12-04 11:30:23,I
0ac4201fda2c68ebc0e47cb9423cf3c9,3345,sao paulo,SP,2017-06-19 08:18:34,I
a2b5b6105ea5942300631d2e76f4ffe0,6283,osasco,SP,2018-05-25 10:59:28,I
23d7c96d4a1160db1c726b248601b25a,13360,capivari,SP,2017-07-20 17:52:10,I
e883aa812c37a7413226856f4579fe91,6696,itapevi,SP,2018-02-04 20:43:02,I
86bb7c4b535e49a541baf3266b1c95b1,14401,franca,SP,2016-10-04 13:45:08,I
c0563dd588b775f2e37747ef6ad6c92c,9220,santo andre,SP,2017-02-28 15:22:46,I
820cc752a266cdc6c1a1e61dd4583330,87050,maringa,PR,2017-01-31 20:16:02,I
e5475dcab1e07b63d7f6e902d8f5eda8,9921,diadema,SP,2017-09-10 11:01:26,I
333c4210e76a1aa2ab817b99437e3ff1,13880,vargem grande do sul,SP,2018-07-17 19:46:54,I
aded58c8142dedc5494a81f948431fab,22051,rio de janeiro,RJ,2018-04-01 19:44:52,I
33a6f4b1e7cdc205511e76ba1b6e0186,7084,guarulhos,SP,2018-01-26 10:54:11,I
91f848e9f4be368f4318775aac733370,3029,sao paulo,SP,2017-02-22 09:19:58,I
7a67c85e85bb2ce8582c35f2203ad736,3426,sao paulo,SP,2017-01-27 12:15:07,I
55029529919c0123526150bd26ca8f20,32280,contagem,MG,2018-06-13 13:31:02,I
b372ee768ed69e46ca8cdbd267aa7a38,15013,sao jose do rio preto,SP,2017-03-18 11:24:06,I
d20b021d3efdf267a402c402a48ea64b,14940,ibitinga,SP,2017-02-26 15:43:16,I
cf6f6bc4df3999b9c6440f124fb2f687,4937,sao paulo,SP,2017-05-01 18:58:54,I
a3b42d266fa8afc874b909422ce88582,14620,orlandia,SP,2018-07-31 10:27:34,I
d63c73efd41eb002280e7ec831424edb,13405,piracicaba,SP,2017-11-20 11:46:07,I
dc7192adf8ba09569261f4a8d576afe0,18401,itapeva,SP,2018-07-22 19:49:25,I
0ea22c1cfbdc755f86b9b54b39c16043,35700,sete lagoas,MG,2016-10-06 18:50:25,I
be8e909810184b9b19e886129149d8e5,13418,piracicaba,SP,2017-10-03 13:27:13,I
269c5fc9fcadee614364c3620c30a1f9,7140,guarulhos,SP,2018-07-31 18:14:02,I
bbaff50f3b708fda865918715276cd87,12940,atibaia,SP,2017-03-15 11:20:40,I
3b18f9856c6eb2413eafedb58e9eecd9,9280,santo andre,SP,2018-04-11 15:33:25,I
db2956745b3a8e9f3785c99f34b5d25e,11600,sao sebastiao,SP,2018-04-14 15:12:34,I
8fb791022c1fc8909664f48ab7dc636d,3976,sao paulo,SP,2018-07-04 13:44:57,I
232a6014e7b10cba61c6c2b2ea6bb4b0,16500,cafelandia,SP,2017-02-04 22:38:49,I
6614814a00d344b846ae209f95ee7e3f,17290,macatuba,SP,2017-06-08 23:17:57,I
59cd88080b93f3c18508673122d26169,11707,praia grande,SP,2017-07-26 16:02:36,I
fffd5413c0700ac820c7069d66d98c89,13908,amparo,SP,2017-07-24 21:13:55,I
712e6ed8aa4aa1fa65dab41fed5737e4,89560,videira,SC,2017-02-08 12:01:45,I
b5abf4f36adc043117b4fca82c22984c,72251,brasilia,DF,2017-04-11 12:05:15,I
6dd7dce75cd55c1ce255dc38d9f0cd46,88137,palhoca,SC,2017-12-17 14:44:48,I
bbe87dce25ba8b38bb61cc7210a3f10b,13870,sao joao da boa vista,SP,2018-05-11 10:13:31,I
99a25c39b28a74d1151c35c18d178292,2236,sao paulo,SP,2018-06-13 13:35:02,I
05730013efda596306417c3b09302475,88813,criciuma,SC,2018-07-06 18:37:58,I
0b35c634521043bf4b47e21547b99ab5,84530,teixeira soares,PR,2017-12-07 11:06:04,I
c35672b10ad50968f567ea3f4b91e877,26551,mesquita,RJ,2017-08-21 20:40:53,I
f5403d3f50089112c4eed37928b7f622,15600,fernandopolis,SP,2017-02-05 18:11:48,I
f435898e493ba0356019a0b1cb8b55b1,81720,curitiba,PR,2017-02-05 02:16:12,I
7adbd3210a7b3cc2235e225eef33574d,2544,sao paulo,SP,2018-06-30 21:39:57,I
d8cf3b6a2151949f930d0252b180ec42,87160,mandaguacu,PR,2018-04-13 10:09:10,I
4ce8b55b4bfa4659184e7becc1fba3f2,83823,fazenda rio grande,PR,2018-04-23 13:47:32,I
5d043cd5512d4bd2f88e5ccdd5736c38,2710,sao paulo,SP,2017-03-11 19:12:49,I
7a073a40a9d3f1fee8bc45670ea1e909,86040,londrina,PR,2016-10-09 12:34:53,I
edb1ef5e36e0c8cd84eb3c9b003e486d,25957,teresopolis,RJ,2017-09-28 09:48:29,I
761681a821d8275bc79f552116d06869,17606,sao paulo,SP,2018-04-23 19:27:59,I
3361277dc30b7cccdb0c286b24219756,87015,maringa,PR,2017-02-11 13:33:12,I
519a7aa428f18d125a283cf8c014fdd6,89180,rio do oeste,SC,2018-07-07 16:56:54,I
3c7c4a49ec3c6550809089c6a2ca9370,3804,sao paulo,SP,2017-09-04 12:14:07,I
53b0300ca793f9834cd69c0678d35ee8,13339,indaiatuba,SP,2017-11-18 16:05:19,I
822bad9bc42b51213ba522fe87b7ab5d,88330,balneario camboriu,SC,2017-08-10 22:52:11,I
48162d548f5b1b11b9d29d1e01f75a61,13403,piracicaba,SP,2017-01-26 11:09:00,I
88ef59b51bdaa941d10a853429f2b6ce,83280,guaratuba,PR,2018-07-04 14:05:12,I
1992f8fb6b19fcccd97ca819811e7267,1403,sao paulo,SP,2018-07-26 12:45:33,I
3fd1e727ba94cfe122d165e176ce7967,14802,araraquara,SP,2017-12-01 22:57:13,I
ea4e9ce63a2134743b4a92777437fcdd,88135,palhoca,SC,2018-04-15 15:23:10,I
45a3d05fb00435e52a28859dd03703b3,7176,guarulhos,SP,2017-02-03 18:08:16,I
c3fe93ba3085f92855c97e57f38c8c05,81510,curitiba,PR,2017-06-08 18:45:48,I
9646c3513289980f17226a2fc4720dbd,12215,sao jose dos campos,SP,2017-01-25 18:04:52,I
52a52b9f656520e99716f5bc40f661c8,13573,sao carlos,SP,2018-04-29 18:49:23,I
36a968b544695394e4e9d7572688598f,11010,santos,SP,2017-02-22 17:12:07,I
4b5f66b7adcf57f1ecc0d3c07dd6b177,87025,vendas@creditparts.com.br,PR,2017-03-21 16:03:34,I
ec21206b7894c503788a684a7bc822a6,28950,armacao dos buzios,RJ,2017-08-03 19:04:35,I
b1aaae6b66ad3c40f54b389d7ea4bee0,4714,sao paulo,SP,2017-01-22 11:08:52,I
89ad3263c0931c47f976d7c5778e60f6,5127,sao paulo,SP,2018-06-25 10:02:54,I
af4a0e4cfe1d9c26b6712b1be25a72e5,35670,mateus leme,MG,2017-08-01 11:03:32,I
6f1a1263039c76e68f40a8e536b1da6a,3581,sao paulop,SP,2017-09-17 23:54:20,I
5f67c6082caacb26e431a7b17940cece,87083,maringa,PR,2018-02-14 10:07:30,I
5721089ba9214e80074f27d5a03fc0eb,1408,sao paulo,SP,2017-11-02 11:01:12,I
1782ce2db72c3dda627d5e7c898104e1,6766,taboao da serra,SP,2017-02-06 10:13:04,I
8160255418d5aaa7dbdc9f4c64ebda44,14940,ibitinga,SP,2017-10-09 14:50:32,I
cee48807215b30a12ca2ca10ffb5f250,11431,guaruja,SP,2017-08-04 15:34:27,I
8e670472e453ba34a379331513d6aab1,36087,juiz de fora,MG,2017-09-06 17:07:29,I
633ecdf879b94b5337cca303328e4a25,4438,sao paulo,SP,2017-09-15 11:59:48,I
05a940b4ecae36cadfd8e93bd9c43257,74305,goiania,GO,2017-07-16 17:22:22,I
da7039f29f90ce5b4846ffc0fcc93beb,9041,santo andre,SP,2018-04-20 08:04:26,I
4c03b9dd4c11ee2cb35c96c49efc9420,13232,campo limpo paulista,SP,2017-05-04 08:41:54,I
a5a1bfcf728ab0e19182959cf0771ee4,13960,socorro,SP,2018-01-07 21:45:04,I
431050a06a317f2b38168dec3dcd2b46,2475,sao paulo,SP,2018-04-28 23:02:40,I
40ec8ab6cdafbcc4f544da38c67da39a,85603,francisco beltrao,PR,2018-08-01 22:00:33,I
ffff564a4f9085cd26170f4732393726,13070,campinas,SP,2016-10-07 17:37:49,I
bede56095ba33c42038fb85f707b8a42,13271,valinhos,SP,2017-08-20 19:28:57,I
bbad7e518d7af88a0897397ffdca1979,1512,sao paulo,SP,2017-06-05 11:30:05,I
a806a4bb063ea7ca6d374eafa50a6058,29161,serra,ES,2018-01-02 23:26:09,I
1b1ae47a313a825a7ccceb8e2e30fa9d,83450,bocaiuva do sul,PR,2017-10-04 21:39:30,I
d9e7e7778b32987280a6f2cb9a39c57d,3304,sao paulo,SP,2018-01-10 14:42:48,I
99a54764c341d5dc80b4a8fac4eba3fb,3273,sao paulo,SP,2018-04-27 16:58:21,I
939f6e231201f26803cb5c3a3d2940b3,17051,bauru,SP,2016-10-04 13:11:29,I
282f23a9769b2690c5dda22e316f9941,31573,belo horizonte,MG,2017-07-14 12:12:53,I
427165bf50f8ca07efc7bdc2bfcf1688,13471,americana,SP,2018-04-05 22:19:06,I
d03698c2efd04a549382afa6623e27fb,45658,ilheus,BA,2016-10-07 22:46:51,I
e21a1e8be4715b0fcfd5385643bc49c4,88715,jaguaruna,SC,2017-04-25 13:35:09,I
1e26c56af8d48424e1df0140a2401f83,13911,jaguariuna,SP,2018-06-13 20:49:57,I
8f119a0aee85c0c8fc534629734e94fd,6440,barueri,SP,2017-01-05 19:52:28,I
fdaaf5bfda82b7b80535610c831b8d09,15015,sao jose do rio preto,SP,2017-09-05 22:14:52,I
b274baf5bbd142410eb2958cf685d684,95780,montenegro,RS,2018-05-16 12:51:33,I
bcc9dd23e2a8bd8267cf92b19304a1b9,14940,ibitinga,SP,2018-01-19 23:31:34,I
1fddcb7b326905d3ad5efe82187db347,2279,sao paulo,SP,2017-03-28 07:27:16,I
b1fc4f64df5a0e8b6913ab38803c57a9,24440,sao goncalo,RJ,2017-05-09 10:49:49,I
4eb61f060e7dcc1d5a80d806c35cc541,5743,sao paulo,SP,2018-03-23 13:10:56,I
1d0646a72178a6fb37ee8082140e06ec,89203,joinville,SC,2018-07-16 14:24:22,I
0ebd97a106433a45a4aebe57c1799778,32240,contagem,MG,2017-05-16 09:12:37,I
63bc58679c44e8a998792119fd7ad23e,5595,sao paulo,SP,2017-02-15 14:38:14,I
101921376b577a4540dc30e9009133ca,13505,rio claro,SP,2017-05-19 16:14:42,I
f0ec78809fe0bc3edb11c9fe5b97b059,4291,sao paulo,SP,2018-06-09 12:47:27,I
6219ba2359cfb97f2e38fd4c321eb309,2110,sao paulo,SP,2017-09-19 12:20:28,I
a7f13822ceb966b076af67121f87b063,8577,itaquaquecetuba,SP,2016-10-04 18:52:56,I
4e8dacf3d38f281ae26c3e0321d92d88,8420,sao paulo,SP,2017-01-27 14:59:18,I
78a4d36f65a019172c6154468831a69f,17018,bauru,SP,2017-10-20 00:43:54,I
c64a2aec32cc408a8a4c6d7c46017f91,95625,imbe,RS,2017-11-24 14:41:34,I
cb162c8eef257253782d245c08d9097c,6419,barueri,SP,2017-11-19 20:37:11,I
fc6295add6f51a0936407ead70c1001d,4101,sao paulo,SP,2017-11-06 19:20:14,I
f0e103c63864d5405b958d984b6e94c9,6150,osasco,SP,2017-04-04 14:13:05,I
5def4c3732941a971cba8fdee992ede1,2113,sao paulo,SP,2018-08-02 12:07:17,I
80e6699fe29150b372a0c8a1ebf7dcc8,83323,pinhais,PR,2016-10-10 16:00:30,I
42ef3192a9ff87a22d1867b74b3ee205,9090,santo andre,SP,2018-01-02 22:14:43,I
a2deecd5398f5df4987110c80a1972a3,5043,sao paulo,SP,2018-04-04 21:44:26,I
9853a239ab7b7ebbdc3a21248d5b8e1f,83602,campo largo,PR,2017-04-26 20:47:50,I
f8e2c1b59cd4225a3e4fd0d013a76b93,14021,ribeirao preto,SP,2017-09-01 10:23:11,I
9c3c24eca51c52b91c1de727d2a2ae06,95020,caxias do sul,RS,2016-10-10 15:23:51,I
f524ad65d7e0f1daab730ef2d2e86196,99300,soledade,RS,2018-01-29 22:29:52,I
aae5953b9edddf14749c0d65d60eb4b9,31035,belo horizonte,MG,2017-09-30 00:53:36,I
c003204e1ab016dfa150abc119207b24,7790,cajamar,SP,2017-10-18 23:51:56,I
5656537e588803a555b8eb41f07a944b,72015,brasilia,DF,2016-10-06 13:07:13,I
503c1de08ae81a2d86f17951b204db55,3725,sao paulo,SP,2017-06-28 15:23:34,I
b8bc237ba3788b23da09c0f1f3a3288c,88303,itajai,SC,2017-08-07 08:31:36,I
7816cd9c5b1238e320545f5bf7eb80e8,14801,araraquara,SP,2018-05-24 21:30:11,I
213fafb0ca06fb3d5886579c2565791b,35700,sete lagoas,MG,2018-06-14 15:23:38,I
404e1ba01358af4cd63f679b2c4d1fa1,36032,juiz de fora,MG,2017-08-21 01:07:46,I
186cdd1b2df32caa72cfb410bba768d3,89295,rio negrinho,SC,2018-05-11 11:17:57,I
de23c3b98a88888289c6f5cc1209054a,5530,sao paulo,SP,2017-05-05 14:21:17,I
fe49ee029e61e789a1f3a5525f57ba8d,6018,osasco,SP,2017-11-28 14:09:58,I
902c99f1ac505c0d18778b61bcd636f7,13840,mogi guacu,SP,2018-07-18 20:38:18,I
94ca168e8bcb407ab85c5da308863027,16250,clementina,SP,2017-11-21 21:11:07,I
82921991ff5b557b045605b8bbf08d49,1023,sao paulo,SP,2018-08-05 19:41:36,I
77128dec4bec4878c37ab7d6169d6f26,2610,sao paulo,SP,2017-03-15 20:14:39,I
4bf658053d453036c70976bccb2c31b2,15070,sao jose do rio preto,SP,2017-04-15 12:11:01,I
e8a85b5f3df47be0984c55fd4064dbb4,71825,brasilia,DF,2018-02-11 08:14:07,I
28f10b1c5e5abb9d4857745bede6147c,4250,sao paulo,SP,2018-04-28 07:47:49,I
48bad451945f5227341793478d6353ea,1220,sao paulo,SP,2017-02-16 19:36:07,I
2a61c271b1ac763450d846849783e922,9175,santo andre,SP,2017-09-12 16:17:32,I
ba6ce6de456f6c11d08c17701ba5c26f,18044,sorocaba,SP,2018-02-15 17:02:21,I
5dceca129747e92ff8ef7a997dc4f8ca,13450,santa barbara d´oeste,SP,2017-01-27 13:37:09,I
e1dc0754bada9ee4cfe9713f22f61292,25035,duque de caxias,RJ,2018-06-13 18:23:39,I
39a5005f2605cbdb4f9ac14485cabfd1,14780,barretos,SP,2018-06-27 10:45:14,I
2bf28e311bba65237358230cabac3f15,86047,londrina,PR,2018-04-03 20:28:35,I
0e44d110fa6a54e121cb2c095a77762f,7901,francisco morato,SP,2017-08-04 06:36:20,I
3d871de0142ce09b7081e2b9d1733cb1,13232,campo limpo paulista,SP,2017-03-05 12:29:19,I
bf0d50a6410d487dc97d2baac0a8c0be,13408,piracicaba,SP,2018-05-09 14:14:06,I
51e4e89242cbb846c2deff3dc015650e,96203,rio grande,RS,2018-04-04 16:32:31,I
86ccac0b835037332a596a33b6949ee1,89041,blumenau,SC,2017-03-22 17:23:19,I
3340ef1913fb70d28420f6ceb685c339,87040,maringa,PR,2017-01-18 20:14:17,I
76de363de16dacc923eec8daf91df504,89825,xaxim,SC,2017-09-22 10:58:10,I
58b98ccb79873e04eac4357cacc590d9,13043,campinas,SP,2018-08-04 10:54:42,I
fc99f99385ae90f66f01733856fb88c9,18550,boituva,SP,2017-06-13 21:10:05,I
b74d1c09cb380e1d03a6f859c6f4224b,20061,rio de janeiro,RJ,2018-02-23 16:51:37,I
1bb2bdb95f4841f1bba2c0d2cd83d3c9,1257,sao paulo,SP,2017-01-30 18:43:16,I
670c26e0f1bf8d0576271d5cfaec6d2b,87025,maringa,PR,2017-11-04 18:20:58,I
c32fc744b9160ac853450488e3cfea93,14020,ribeirao preto,SP,2018-03-19 17:28:25,I
59de1d4c8c057c2a53acd4ca66531af2,80215,curitiba,PR,2017-11-10 07:56:18,I
e64882b4ef12aee8d0faca4db5b681f4,74210,goiania,GO,2018-01-12 15:28:49,I
1b65c144b17e607c0f37f10bb7dfec8d,89160,rio do sul,SC,2018-04-20 20:36:31,I
15ac3c501e2599e4917316fde5c5669a,4911,sao paulo,SP,2017-02-26 21:03:46,I
f4aba7c0bca51484c30ab7bdc34bcdd1,1031,sao paulo,SP,2016-10-07 15:53:31,I
e0878efa0e0b7e5313ac0b43bc04c081,80230,curitiba,PR,2017-11-04 19:22:13,I
03a2a6dcbe45d639c4dc2a0d24769c40,9340,maua,SP,2018-03-13 08:11:07,I
327b89b872c14d1c0be7235ef4871685,69005,manaus,AM,2017-02-03 01:06:06,I
e9d99831abad74458942f21e16f33f92,3542,sao paulo,SP,2017-01-24 17:11:53,I
a45765f8afb1e594b22bf9e974b46765,2411,sao paulo,SP,2017-03-09 14:27:38,I
dc8798cbf453b7e0f98745e396cc5616,5455,sao paulo,SP,2016-10-05 00:32:31,I
d9cd369bffa979d1634f8e1318bf2f1b,15115,bady bassitt,SP,2018-05-13 22:12:59,I
240b9776d844d37535668549a396af32,24120,niteroi,RJ,2018-07-17 13:48:59,I
d1e2fe627180431ffda076abb303c56f,25900,rio de janeiro,RJ,2018-03-23 20:22:36,I
3f2af2670e104d1bcb54022274daeac5,87240,terra boa,PR,2017-09-29 08:52:58,I
bb3dca718920a4d7ec3cc9ffb025108b,8011,sao paulo,SP,2017-02-08 13:09:38,I
babcc0ab201e4c60188427cae51a5b8b,13660,porto ferreira,SP,2018-07-01 10:23:10,I
eed78ac17f7f795a19a709745f00cd4e,18608,botucatu,SP,2017-08-01 18:44:07,I
a2e874074c877c5a05abae80ad6e488f,15070,sao jose do rio preto,SP,2017-03-21 13:38:25,I
abcd2cb37d46c2c8fb1bf071c859fc5b,78020,cuiaba,MT,2017-05-29 15:28:10,I
1703bc09972dab9782e7a9194943b69f,37165,minas gerais,MG,2018-07-14 17:52:26,I
365e445f796710c3431557e85caa25db,4083,sao paulo,SP,2017-02-01 16:03:51,I
0bb738e4d789e63e2267697c42d35a2d,18130,sao roque,SP,2017-02-01 12:59:24,I
3d290fe363c60a77498c1126fd3fb8d3,6694,itapevi,SP,2017-03-11 21:54:43,I
325f3178fb58e2a9778334621eecdbf9,6790,taboao da serra,SP,2017-03-09 10:24:00,I
8c16d1f32a54d92897cc437244442e1b,89023,blumenau,SC,2016-10-05 08:01:47,I
f5a590cf36251cf1162ea35bef76fe84,9720,sao bernardo do campo,SP,2017-03-28 18:48:20,I
61f159ef6da2d441951d2c0efa719362,29160,serra,ES,2016-10-05 17:21:29,I
1e8b33f18b4f7598d87f5cbee2282cc2,2066,sao paulo,SP,2017-11-16 13:23:12,I
59cea8e446d3834393058e7e0666b6fb,87050,maringa,PR,2018-06-16 16:17:45,I
8c5e007d7bd5693fa1386ffefbc99f6c,13347,indaiatuba,SP,2018-06-05 16:09:34,I
1da3aeb70d7989d1e6d9b0e887f97c23,4265,sao paulo,SP,2017-03-04 09:55:07,I
5b67882648febfb6e1225e6ad7164f6b,87502,umuarama,PR,2017-07-09 18:30:33,I
53e4c6e0f4312d4d2107a8c9cddf45cd,13920,pedreira,SP,2017-02-21 19:06:14,I
039e6ad9dae79614493083e241147386,3560,sao paulo,SP,2018-04-03 11:35:18,I
d65f31d2413268e671989503f6cf9993,13160,artur nogueira,SP,2017-02-07 17:57:14,I
cad10cc982ab6a391570c211b995c17c,18701,avare,SP,2018-04-22 12:03:21,I
527801b552d0077ffd170872eb49683b,17400,garca,SP,2017-10-05 20:25:27,I
be67f78487e2cecb0d55bc769709e4f5,32419,ibirite,MG,2018-03-23 17:06:29,I
8ca1551acf9832a4cf467bbbac15851f,83607,campo largo,PR,2018-02-27 12:04:55,I
2ea0861cc19e94cad86438c984c52da4,3731,sao paulo,SP,2018-05-17 14:33:47,I
7202e2ba20579a9bd1acb29e61fe71f6,14401,franca,SP,2017-07-22 13:08:11,I
0509040ea3fe50071181bbc359eb7738,31710,belo horizonte,MG,2017-05-03 14:22:02,I
20fd2d2080ed85fa67fad3fcbb2c1813,83405,colombo,PR,2018-04-30 18:55:03,I
2039c5e51785b5dde7cf93ccb3b7be2c,14790,guaira,SP,2018-07-16 13:00:53,I
62de60d81c55c29d76a6bce418b31cef,14940,ibitinga,SP,2018-08-05 20:01:32,I
eaf6d55068dea77334e8477d3878d89e,4660,sao paulo,SP,2018-06-26 11:01:38,I
e89c4adbe7b1d0819dbb636e16461cf1,13347,indaiatuba,SP,2018-01-10 13:22:49,I
2e2f44824ab87a0cb961f68bf4073e7f,82315,curitiba,PR,2018-04-02 21:10:31,I
85ecf03781da592876b7844acc1b729f,3658,sao paulo,SP,2018-07-18 15:14:15,I
5c853bb56f70f4d14218944bae111d7a,6715,cotia,SP,2017-02-22 17:54:36,I
bba74270a87732727b5a3b4fd9ac1c39,32604,betim,MG,2017-10-02 09:21:04,I
835f0f7810c76831d6c7d24c7a646d4d,8030,sao paulo,SP,2017-02-11 21:54:04,I
702835e4b785b67a084280efca355756,36046,juiz de fora,MG,2017-02-13 16:18:07,I
4ea2f12dbe91deeacd2c1e74f069a6e6,2334,sao paulo,SP,2017-09-05 21:20:12,I
a066df7361163e7ddc5d7452dd17448b,14401,franca,SP,2017-12-12 14:37:18,I
5e106d93b717c2682b9383da480364a1,85875,santa terezinha de itaipu,PR,2017-04-20 11:42:01,I
bd4431c1a8dfa744b59e1e2a8bc99b9e,20761,rio de janeiro,RJ,2018-04-05 22:09:05,I
bd4ff04377f974574f7f0bf9d6ce7dde,17370,santa maria da serra,SP,2016-10-05 17:14:27,I
3076499bbc033a927bf4a8a41bcf7fd4,15350,auriflama,SP,2018-05-03 15:40:43,I
010da0602d7774602cd1b3f5fb7b709e,9710,sao bernardo do campo,SP,2018-06-06 18:37:14,I
4d6fb82c629c7a5028bfd973c07b05e0,31525,belo horizonte,MG,2017-02-22 19:36:22,I
5d505d2298ad549e4e4e835562fa0c1e,16200,birigui,SP,2017-03-15 14:17:51,I
5aaa890629f83706d8d9bfecd8377c1c,25720,petropolis,RJ,2017-09-15 13:24:29,I
ad14615bdd492b01b0d97922e87cb87f,88704,tubarao,SC,2017-02-10 17:40:30,I
7df1fc11cc5cbc518b39faa60cf5d67c,79112,campo grande,MS,2018-04-14 10:39:22,I
238fac594e170b59c6d228f5a4f4f1d9,17300,dois corregos,SP,2017-10-08 10:44:32,I
134a288e7de827ec5ec62e3ec9c3a295,3168,sao paulo,SP,2017-05-01 12:25:44,I
33fd411ed63a7c2f9005e3f065d9f85d,98290,condor,RS,2018-04-11 11:52:13,I
1e8c6a4c538f286aee9573239740a4b4,13251,itatiba,SP,2018-04-10 14:29:06,I
07de60b03d150fb3ea09eab5da5e4c8b,14940,ibitinga,SP,2018-01-31 23:06:27,I
f1ce5fdecd64935c28b9ff932751d0dc,6539,santana de parnaiba,SP,2017-03-25 21:48:06,I
ede2977fbaf3738583170735ca403f6c,80010,curitiba,PR,2018-02-25 17:37:45,I
03bd479e1d9484cdb14104d3023f7321,38401,uberlandia,MG,2018-05-09 17:37:03,I
31e60bf8d103ce47932a85f5562deb16,74590,goiania,GO,2018-07-11 16:07:05,I
83645b1645cdee8953ee54c29ceed564,85875,santa terezinha de itaipu,PR,2017-03-12 12:24:51,I
bdae679a9b282249bc23b9b69dae9a99,72210,brasilia,DF,2018-02-14 11:37:48,I
5cf13accae3222c70a9cac40818ae839,38700,patos de minas,MG,2017-01-16 16:41:18,I
a247197e2e9c19a6a53a6888cb8b660f,15056,sao jose do rio preto,SP,2017-12-20 11:00:02,I
249f0e9905a6e06ad6c6bea7547ab9f6,20950,rio de janeiro,RJ,2018-06-25 01:10:48,I
96804ea39d96eb908e7c3afdb671bb9e,38950,ibia,MG,2017-02-07 00:16:04,I
5563732abe64c3036cb97ad924128dd1,7192,guarulhos,SP,2017-06-25 22:59:52,I
51f108f62cb87d61918159902c8f8583,85801,cascavel,PR,2018-07-24 12:22:38,I
134b867a0f7f8bbe6abf10f91874891e,13272,valinhos,SP,2018-04-19 22:04:20,I
57c764b4a836300be881e2ff86e449f9,14021,ribeirao preto,SP,2017-02-02 09:23:41,I
2fa13c8bd5705d279f7ed5cc9ec61c68,4679,sao paulo,SP,2018-04-20 11:25:54,I
e627629ba868740e287800f1a9be81c2,1421,sao paulo,SP,2017-02-03 21:44:34,I
c72de06d72748d1a0dfb2125be43ba63,46430,guanambi,BA,2018-05-10 12:09:59,I
8d79c8a04e42d722a75097ce5cbcf2ef,61658,caucaia,CE,2017-01-27 22:02:29,I
8060d731897e33b5c5ae575ce1e209e1,89052,blumenau,SP,2018-05-07 10:09:40,I
4c4d546adf3c3868fe19c9ec6e9ffda9,87013,maringa,PR,2018-06-07 09:19:48,I
5a9c0859cb00fd8aa4db443837f0a700,89650,treze tilias,SC,2018-07-09 17:28:54,I
9c3a1c416c765687bc79a04113269929,35547,carmo da mata,MG,2018-02-01 23:09:36,I
8ae520247981aa06bc94abddf5f46d34,88370,navegantes,SC,2017-11-01 22:26:06,I
ac3508719a1d8f5b7614b798f70af136,92030,canoas,RS,2017-05-23 21:17:18,I
15cd6eefe58588619aaed41dfa6621b1,35400,ouro preto,MG,2017-07-17 21:44:27,I
4a3ca9315b744ce9f8e9374361493884,14940,ibitinga,SP,2017-01-08 09:35:14,I
478bfe564db21eeb44386606aa30b650,33600,pedro leopoldo,MG,2017-10-08 20:24:03,I
6d988d6174a2c27441597174f8905515,87070,maringa,PR,2017-04-02 15:41:12,I
ed49da7cadefc454d6a67de249eab240,5571,sao paulo,SP,2016-10-03 21:01:41,I
6f892e20a171e98efe17fdb971ff319b,8270,sao paulo,SP,2017-07-27 16:40:14,I
4bfc7a4a1cf8d4d2121c27422d9e50b5,3111,sao paulo,SP,2018-03-25 20:34:15,I
acadd4d36859671cb635527c6c977533,14270,santa rosa de viterbo,SP,2017-12-15 16:15:10,I
034b9387752bfa309f350a70cd45ffa3,89036,blumenau,SC,2018-04-11 15:53:57,I
a1ed30492b3b798bc121845bc4aa7366,4708,sao paulo,SP,2017-07-03 09:43:13,I
abbf6046bbdf1028606a5bc7f00c99e7,89820,xanxere,SC,2018-01-24 00:33:52,I
901b460cdce0c64e471230d7f2f9f3a3,90620,porto alegre,RS,2017-10-18 20:37:23,I
81ed90f07c0bacb7594940ba2ef676aa,35500,divinopolis,MG,2017-10-25 23:24:01,I
11eac105f3f90a9b87b19c89d91e24f3,7411,sao paulo,SP,2017-05-24 10:21:15,I
0725b8c0f3f906e58f70cbe76b7c748c,7023,guarulhos,SP,2017-01-20 17:23:00,I
d1a5cc844736958c11b8efab9a2b4c87,80310,curitiba,PR,2017-10-23 13:04:06,I
f35becee938e982bd615edf8ef12bcfb,19160,alvares machado,SP,2017-03-09 10:36:58,I
634964b17796e64304cadf1ad3050fb7,21840,rio de janeiro,RJ,2017-11-12 21:31:27,I
6624bc09786f0e41ae48dfc5eeb1a9e2,30390,belo horizonte,MG,2017-03-05 22:38:18,I
54219883e72aad869adfb2a54b7bfa0f,18060,sorocaba,SP,2017-11-03 12:26:01,I
5795aebfe331fbcd02a2c4b679fb7952,88132,palhoca,SC,2018-02-11 15:26:46,I
6e2d3e2dc84fb30f6078f39dd3bddd6f,83408,colombo,PR,2017-10-29 16:25:52,I
3078096983cf766a32a06257648502d1,13720,scao jose do rio pardo,SP,2017-05-19 08:15:11,I
014d9a685fd57276679edd00e07089e5,87015,maringa,PR,2017-11-21 13:22:00,I
656591be56071d4c9ef4e5fee78a578a,9180,santo andre,SP,2017-03-06 13:59:02,I
26562f211dd1364af2a8596dc945e8ae,9785,sao bernardo do campo,SP,2018-07-10 10:33:17,I
bccf933e006e9b94a6184af782963e77,19806,assis,SP,2017-10-06 19:38:37,I
12c2ed9cded6138cf0c75f525f565fc7,11709,praia grande,SP,2017-11-09 19:40:27,I
961dff0a659b4561334372337dd897d9,21510,rio de janeiro,RJ,2017-04-01 15:44:55,I
b33e7c55446eabf8fe1a42d037ac7d6d,14850,pradopolis,SP,2017-10-10 20:44:59,I
2235cf78d3e2073a88146a9cb60f0dd0,4547,sao paulo,SP,2017-11-30 19:12:21,I
218d46b86c1881d022bce9c68a7d4b15,14070,ribeirao preto,SP,2017-01-18 14:56:47,I
08d1c9478fb0d7d7fcac9c0da4e82fc7,31110,belo horizonte,MG,2018-06-12 08:29:53,I
dfc475d54e1b6dbeeb7d7d9bdaa63827,81460,curitiba,PR,2018-02-21 14:30:22,I
813348c996469b40f2e028d5429d3495,13206,jundiai,SP,2017-05-01 14:48:33,I
c394e193cda3b4225ff2094d32184849,4104,sao paulo,SP,2018-04-19 13:54:06,I
2745f798279e0ed033addcc1474776d7,3106,sao paulo,SP,2017-08-20 22:08:30,I
6b803197e03abd5056b4313306b4f29d,1123,sao paulo,SP,2018-02-06 23:23:59,I
bafc5aa11e413978be29040f51342e70,30130,belo horizonte,MG,2017-12-04 19:43:40,I
44717f64ec2a457979cf83c429077666,98780,santa rosa,RS,2018-08-01 00:48:09,I
b7cc6c5e001441ae8cdd5c69a480cbe4,89520,curitibanos,SC,2017-02-26 23:33:43,I
af7cdac9d9897cddead9c6b08976c642,18500,laranjal paulista,SP,2018-03-14 08:57:54,I
b3e2faf2c1004d674f16a3aa3197f0e1,14093,ribeirao preto,SP,2017-02-07 19:50:11,I
670a9dda115b5a88b18cfadee8de2332,14096,ribeirao preto,SP,2017-08-29 20:13:34,I
3b15288545f8928d3e65a8f949a28291,14940,ibitinga,SP,2017-03-22 14:09:46,I
3e35a8bb43569389d3cebef0ce820f69,3124,sao paulo,SP,2018-04-12 19:47:40,I
81783131d2a97c8d44d406a4be81b5d9,18015,sorocaba,SP,2018-07-27 13:06:11,I
29e6e05b65f93bc224c644319dc52ecf,36010,juiz de fora,MG,2018-06-28 09:19:36,I
cce6ab8d1682639fe45ab70234f1665f,81020,curitiba,SP,2017-05-31 17:06:39,I
e1643dff33666ca629e3644c02738179,3182,sao paulo,SP,2018-05-11 00:09:19,I
76623fde66e6b63b59440fd34160512d,7124,guarulhos,SP,2017-09-02 12:03:14,I
5275ca25d0358ca73864e0ae41be1320,7024,guarulhos,SP,2018-07-23 09:33:10,I
eb4df17aed01d918c65f0f8d650900c0,13140,paulinia,SP,2017-11-09 12:22:48,I
10089e9f2fd0c668a8fd4e52e1698888,15061,sao jose do rio preto,SP,2017-03-12 17:35:58,I
c398bc00a606d33758afd91f4e64fd15,21740,rio de janeiro,RJ,2018-05-30 22:12:22,I
2f09f7d37a97956d11cc1a7cadd5262b,14090,ribeirao preto,SP,2017-02-07 17:18:57,I
e58a5b390e28abc0b216cfb0e07d27d7,22640,rio de janeiro,RJ,2018-04-25 19:54:53,I
f41ce2e25237f9092cd8e6e7516c7a2f,7013,guarulhos,SP,2016-10-07 14:42:07,I
8e6cc767478edae941d9bd9eb778d77a,38442,araguari,MG,2017-01-29 19:08:00,I
028872bfa080090a9d0abd4f1af168f8,33940,ribeirao das neves,MG,2017-08-19 09:10:45,I
1710c3aaa9c6b44ec3883ee0fe300e21,9551,sao caetano do sul,SP,2018-04-25 17:22:38,I
52d76513f0c4d97f3b99570e2c94ee31,93348,novo hamburgo,RS,2017-07-14 17:24:44,I
dace965ca58120f92f8d742a9fa1864b,14015,sao paulo,SP,2018-03-25 18:37:26,I
f5b44895715ddfe3087dc414f30268f3,18017,sorocaba,SP,2017-09-18 12:19:09,I
c8467937e403e76a8ee9f0ab13f6f5ef,37704,pocos de caldas,MG,2017-09-21 15:17:42,I
56f413900b5166ab4d730e9ac0b12cb0,18076,sorocaba,SP,2017-06-28 06:52:27,I
3f8034bfc6b8b4135534975d49f04c63,81560,curitiba,PR,2017-01-18 10:42:05,I
4992e76a42cb3aad7a7047e0d3d7e729,3334,sao paulo,SP,2017-05-12 14:58:01,I
0afccdb8a34ee5c79f7c06faf2b4d56e,38400,uberlandia,MG,2017-04-05 11:04:33,I
02dcd3e8e25bee036e32512bcf175493,32310,contagem,MG,2017-10-28 12:09:33,I
c9e5ad1f6647f5dbd1172adf6ae3cada,90240,porto alegre,RS,2017-10-23 22:10:42,I
02a2272692e13558373c66db98f05e2e,20040,rio de janeiro,RJ,2017-02-06 15:33:57,I
f783a638e9c6af4a7d0dbfde811e7a81,3063,sao paulo,SP,2018-02-04 03:44:01,I
0b18d63d0cd1d723567903fd34a07df2,5141,sp,SP,2017-04-11 14:30:03,I
3ef37b7ca6dd2b80bd8af81a62504996,1452,sao paulo,SP,2017-03-02 18:58:10,I
dd4d95ba2d15c071e6c695e2ef6ce169,29315,cachoeiro de itapemirim,ES,2018-07-08 17:12:30,I
7bb8fac2913a6064ec412e583c6d8b4d,17017,bauru,SP,2018-02-02 13:40:38,I
86649b1632b1c0e6c0bcb2c90a8b75d8,85884,medianeira,PR,2017-08-25 19:10:57,I
deaadd805612bf94faaa9fa702516e11,5756,sao paulo,SP,2017-05-09 21:42:43,I
5e063e85d44b0f5c3e6ec3131103a57e,5302,sao paulo,SP,2018-07-12 10:13:37,I
6e4f5ff6b086632ba8dcb558fb10249e,95270,flores da cunha,RS,2018-02-27 01:52:55,I
117cfc326c6d50da67ca858ff5c0c852,25530,sao joao de meriti,RJ,2018-05-02 15:22:57,I
d25aa0aaacb370e912f8cf6efeba38b3,89108,massaranduba,SC,2018-03-11 12:49:14,I
c0e6839516f5398edc34adf5f1d53d1a,11430,guaruja,SP,2017-05-06 10:58:50,I
119c7f1a00ef43fad0e57604e76a747c,2614,sao paulo,SP,2017-10-15 02:37:02,I
2953ce3a88f5e3c3b696d77fc9e4c8eb,4270,sao paulo,SP,2017-10-01 10:19:07,I
bbf9ad41dca6603e614efcdad7aab8c4,60348,fortaleza,CE,2017-02-05 17:07:34,I
d7b2377bae6ace1b11fc69a11900ac36,2415,sao paulo,SP,2017-08-31 18:00:12,I
57fe6232e67823593374a2281d7a8af8,13360,capivari,SP,2017-03-05 22:11:02,I
4da0e408c99d2fdc2126dc9fce518060,86300,cornelio procopio,PR,2017-01-14 15:42:20,I
8b28d096634035667e8263d57ba3368c,12243,sao jose dos campos,SP,2017-02-28 14:56:37,I
82cb9f452fe8334df74b22d37824b431,95013,caxias do sul,RS,2018-04-11 10:48:10,I
9bc484c87d79cd4874e05ca182658045,2422,sao paulo,SP,2017-11-23 13:48:08,I
c6218512d16fcac0af02fe92691cf274,32315,contagem,MG,2017-04-11 13:00:12,I
d17f467e4bf608a510c20d82f4ba3b6b,95098,caxias do sul,RS,2018-07-17 20:23:27,I
4371b634e0efc0e22b09b52907d9d469,2028,sao paulo,SP,2017-06-16 13:58:31,I
1b45169b635ef59425637e9a33eb5fb3,87050,maringa,PR,2018-02-13 13:27:43,I
bd23da7354813347129d751591d1a6e2,3971,sao paulo,SP,2017-07-17 11:44:41,I
412a4720f3e9431b4afa1476a1acddbe,13060,campinas,SP,2017-09-10 21:12:43,I
7238a95bb63ef7e498389fb863b834a1,13487,limeira,SP,2018-04-27 14:01:01,I
26785a546900236d66f2e4197c211158,8430,sao paulo,SP,2017-11-22 19:20:46,I
b7ed9fb14c8eadb37adb9c45d67ab0fb,12331,jacarei,SP,2017-07-01 12:10:10,I
a0d7fbb07bb5ebc3b05980e750db56f3,8500,ferraz de vasconcelos,SP,2018-05-04 00:28:43,I
10264f60a8f0a4d2f30810f5c661c673,13090,campinas,SP,2018-06-19 21:10:11,I
35857757f553273b1056c1cabdace7fb,14020,ribeirao preto,SP,2017-07-24 15:19:05,I
538caafddff204241cecbf3a02e6b3cf,4516,sao paulo,SP,2017-05-16 11:42:33,I
913fd0ebba70bb919f7254a02239173c,89065,blumenau,SC,2018-07-25 06:18:20,I
b2eecf5ea250510da76590ca79d60e5d,3318,sao paulo,SP,2017-03-05 04:18:49,I
1c742ac33582852aaf3bcfbf5893abcf,30668,belo horizonte,MG,2018-06-22 16:07:51,I
8f2ce03f928b567e3d56181ae20ae952,5141,pirituba,SP,2017-04-30 19:04:30,I
4d9fea3499bdc22aa4da4e339365f215,4209,sao paulo,SP,2018-02-17 16:39:44,I
d4e12e7884759a14fa0f5f896c791cae,2242,sao paulo,SP,2017-09-07 15:21:22,I
e24fc9fcd865784fb25705606fe3dfe7,12913,braganca paulista,SP,2016-10-08 10:07:25,I
5882f40daf39bc2a465e0cb453ddc222,5616,sao paulo,SP,2017-10-13 17:28:07,I
26e2c91ef821e1ff8985f408788fe35b,14940,ibitinga,SP,2018-02-20 09:43:30,I
53336f97ddbe53e2a617d07b17447b95,3461,sao paulo,SP,2017-10-04 09:13:51,I
fec8cd45395b3cb0c2b173d7739706a1,12270,jambeiro,SP,2018-01-04 11:11:33,I
e116c7455dd26a4d8c3e92532583905f,1140,sao paulo,SP,2018-04-05 10:50:34,I
900ba814c251a692506d7834c1218441,13328,salto,SP,2017-07-04 13:25:07,I
afe0067131b73e40875c9b6c10bd2e21,35590,lagoa da prata,MG,2017-02-22 20:39:41,I
542917da124346b47ea1ac79a93ce454,82560,curitiba,PR,2017-03-04 16:27:08,I
35b96509602ec4b7da831b5cd73ff2c2,93040,sao leopoldo,RS,2018-05-08 09:35:12,I
85cc55e048b6bcc90c75afe7f0e72f72,27345,barra mansa,RJ,2018-05-07 00:06:34,I
2009a095de2a2a41626f6c6d7722678d,15025,sao jose do rio preto,SP,2017-03-10 12:10:11,I
3a52d63a8f9daf5a28f3626d7eb9bd28,71900,aguas claras df,SP,2017-02-01 08:42:43,I
e9b6c33b71b67737693b4cfa68341c8d,3009,sao paulo,SP,2017-08-16 20:08:12,I
c458e2045a8aa8964f8879af03fdcce6,9572,sao caetano do sul,SP,2017-02-12 18:48:56,I
6601ee6383e7f452be71929f8de48bbb,14027,ribeirao pretp,SP,2017-10-27 17:21:53,I
5a4236931428800e9d9cc04af0987118,2916,sao paulo,SP,2018-07-17 15:23:54,I
258447aad3f7b01e2643c89f64dc5647,87210,cianorte,PR,2018-07-24 19:44:56,I
8a32e327fe2c1b3511609d81aaf9f042,2443,sao paulo,SP,2016-10-07 22:51:32,I
0f519b0d2e5eb2227c93dd25038bfc01,14940,ibitinga,SP,2017-01-27 12:10:46,I
ec5c1d94df153d473b37f880977ae58e,21320,rio de janeiro,SP,2018-05-22 14:50:54,I
31561f325664a8a7aba4c8d0c3a9b3db,3287,sao paulo,SP,2018-06-05 22:51:12,I
70c4eedec9cb4a85cda2f3f9673557b4,1208,sao paulo,SP,2017-06-05 16:37:47,I
4fb41dff7c50136976d1a5cf004a42e2,44002,feira de santana,BA,2017-11-27 20:01:56,I
d23019c84ffae2d5ef2270367b8605fc,86073,londrina,PR,2017-10-10 10:47:08,I
ad8ada0ffa993cb1197d102d9ab21a3e,38445,araguari,MG,2018-03-13 20:37:20,I
ce20a2ec1514c25e16f2b5b39bc818f0,5186,sao paulo,SP,2018-06-01 14:12:09,I
0f94588695d71662beec8d883ffacf09,88037,florianopolis,SC,2017-03-01 10:56:53,I
3a79f35a2344ede41af21267f61d5ec6,13040,campinas,SP,2017-11-16 13:40:29,I
b586cd24c010a13916af621b0325fbba,89164,rio do sul,SC,2018-06-17 21:50:12,I
0d83f8e03188682112cc0d93523705cc,91150,porto alegre,RS,2017-11-14 09:05:04,I
85044848b1b767db2a4a58526adef4b4,6018,osasco,SP,2018-04-07 19:30:17,I
c3251e13f1bbda6c74e37c160f991e19,13660,porto ferreira,SP,2017-03-18 18:18:22,I
4a1f694197d05fe70026b016a7316b41,13920,pedreira,SP,2018-02-17 01:22:20,I
6ebf4eceee4dd9847201c82e77ef8123,23587,rio de janeiro,RJ,2018-04-04 23:21:54,I
0873d9f8f36123f8d910f4760e788cfb,6465,barueri,SP,2018-05-07 20:22:07,I
a44fb5a447105f8469bdf16bf9159f25,91920,porto alegre,RS,2017-11-21 14:01:29,I
dcf3755cefcdc158ad0b7bdde51e871b,96503,cachoeira do sul,RS,2018-03-18 14:44:29,I
4869f7a5dfa277a7dca6462dcf3b52b2,14840,guariba,SP,2017-03-07 12:43:03,I
6bb66d9870c2e01c05655c7ed0e7ee13,4101,sao paulo,SP,2018-07-25 17:09:53,I
1c5e4e49b9079480255b49d50aac1aa9,11030,santos,SP,2017-03-09 18:15:38,I
6a3139c7bf09ece22a4713d956acbe5e,13790,sao sebastiao da grama/sp,SP,2018-07-23 21:47:34,I
37515688008a7a40ac93e3b2e4ab203f,17900,dracena,SP,2017-07-10 22:08:53,I
8fec2e460530482132c436cfb5439925,18500,laranjal paulista,SP,2018-01-29 17:16:45,I
1746c1ae87ac63d530c7c943d0ac42e2,6501,santana de parnaiba,SP,2017-12-12 22:04:33,I
afac9f6b0c4e5f0a7ee87e922cd0f873,17047,bauru,SP,2018-02-17 17:16:24,I
3be5841cdcc46de4ed3f9116f104b2c5,6473,barueri,SP,2017-01-24 21:16:50,I
0249d282d911d23cb8b869ab49c99f53,5676,sao paulo,SP,2017-09-18 20:48:19,I
23ca5f678e0b3ea6c630b30fa8bf51ea,2839,sao paulo,SP,2017-03-04 11:44:25,I
5eeb9c756d9780b96283e5a2ac6da334,14010,ribeirao preto,SP,2017-10-10 08:27:25,I
25be943a321c8938947bdaabca979a90,9725,sao bernardo do campo,SP,2018-05-09 14:54:32,I
818d28f936e791926d33bcb6ee94ef79,4141,sao paulo,SP,2017-02-09 21:19:01,I
bfd938b22bc99bce1ae60dc602889f52,22775,rio de janeiro,RJ,2017-01-22 21:50:07,I
c12b92bf1c350f3e6bf88d3596219c86,17400,garca,SP,2018-05-01 14:15:31,I
97e995629983723d11830a829bc2b246,12604,lorena,SP,2017-11-07 16:31:04,I
ffa6adafb71b807dc13159e26431354c,86030,londrina,PR,2018-03-16 07:38:09,I
080102cd0a76b09e0dcf55fcacc60e05,31140,belo horizonte,MG,2017-07-23 11:22:00,I
5a6a02f419701fc8c605af71d4fc57a4,13465,americana,SP,2018-05-14 21:43:39,I
94b9108d4b637ba65bb4f1e53cfcf8d8,7221,guarulhos,SP,2017-09-02 16:05:34,I
0fe2d9733ed841eb064503920015a8c0,19906,ourinhos,SP,2018-05-14 18:58:43,I
154bdf805377afea75a3bd158e9eab10,14940,ibitinga,SP,2018-07-02 18:42:38,I
b2ac621f0d0322434d04a12b078b9369,80220,curitiba,PR,2017-08-22 10:55:25,I
9c54608f0996c32ae4743089d915f845,87900,loanda,PR,2018-06-22 16:07:29,I
17306570e772e7718c92a562d33f5f1d,17250,bariri,SP,2017-02-28 21:17:05,I
244c2f1bff6afe1f2eaf9bfe9b2aed38,8832,mogi das cruzes,SP,2017-02-07 11:11:30,I
71039d19d4303bf9054d69e9a9236699,3018,sao paulo,SP,2017-10-07 21:41:11,I
54065e9aef7e9e9c2dc23b7594db021a,20040,rio de janeiro,RJ,2017-03-03 17:42:10,I
7ad41305e96a6cab8294cd65891e9a86,28810,rio bonito,SP,2018-06-05 00:38:47,I
25e47381a6c510ddeb36084e33b89f0c,11720,praia grande,SP,2017-05-16 18:26:49,I
4d6d651bd7684af3fffabd5f08d12e5a,17209,jau,SP,2017-04-25 11:30:33,I
24a6daf925d9d591870a66660416de31,14078,robeirao preto,SP,2018-01-29 09:47:12,I
f0563bacf40c311f1c4d3d6b67b8a7a7,88704,tubarao,SC,2016-10-05 14:16:28,I
b76dba6c951ab00dc4edf0a1aa88037e,3237,sao paulo,SP,2017-01-06 21:30:38,I
1bc2e21de46adfea6b98cc96b00f3b40,89228,joinville,SC,2017-02-06 23:01:32,I
b1204cfda1d4948679db3cfc0d3cb95c,7170,guarulhos,SP,2017-01-17 19:55:40,I
b4ffb71f0cb1b1c3d63fad021ecf93e1,3880,sao paulo,SP,2017-02-01 14:38:41,I
165b1235e9e9942cb5fae67103576fb0,14020,ribeirao preto,SP,2018-05-20 08:41:02,I
8eb88b0acb3f90a717ad659221471fa7,89504,cacador,SC,2017-09-19 09:59:54,I
9599519be538b98748162a2b48248960,5008,sao paulo,SP,2018-04-08 07:57:38,I
0417b067eeab773d2f7061a726dc477f,89288,sao bento do sul,SC,2018-03-01 20:13:18,I
c26ba52cf8d2f34915f2f6b7ffa0a3f3,21510,rio de janeiro,RJ,2017-12-10 22:31:27,I
e5cbe890e679490127e9a390b46bbd20,1041,sao paulo,SP,2018-06-11 22:31:34,I
974cf2cb8f4b7add98709c30df02fe10,14802,araraquara,SP,2017-10-16 22:33:02,I
3c487ae8f8d7542beff5788e2e0aea83,72460,gama,DF,2017-08-09 15:42:26,I
4a3ccda38b2129705f3fb522db62ca31,17504,marilia,SP,2017-09-13 15:07:45,I
876182d1918783bbe15233febfbd4926,4208,sao paulo,SP,2017-05-15 13:51:50,I
33576ec5412fb5905d876f12f33bfde6,80040,curitiba,PR,2017-07-12 23:03:19,I
5b85809efd0d0e4dea1a9544e1280ed9,19020,presidente prudente,SP,2018-05-16 23:08:51,I
5566627eab3fe93fd6ee08798226101a,83005,sao jose dos pinhais,PR,2017-04-13 00:27:41,I
e504a4e2efaa45cbff7e268a2c58c956,13520,sao pedro,SP,2018-05-14 17:58:27,I
056b4ada5bbc2c50cc7842547dda6b51,26379,queimados,RJ,2017-12-01 10:20:48,I
1e483cc5c76fef08d3ca05f9a8af7d01,2929,sao paulo,SP,2017-02-09 15:43:30,I
9b1050e85becf3ae99c1cf4934c9bc5d,39400,montes claros,MG,2017-09-21 10:50:01,I
b248792ac0b60ec3f93d80af1b4fae47,9560,sao caetano do sul,SP,2018-07-23 23:48:21,I
34056b8b55c1775a22af2331670a799c,16304,penapolis,SP,2017-11-16 13:18:14,I
23c38debaffe4a25a30fdbd9b586a13f,18110,votorantim,SP,2018-04-02 12:30:02,I
d9c349beabc06aa6ff1c6d68b5e9e22e,3586,sao paulo,SP,2018-04-30 16:52:39,I
bd1d49a326abfa9b1036772e40445430,17017,bauru,SP,2017-11-07 22:51:11,I
6861de0f40cacb0602e473c51639f980,80420,curitiba,PR,2017-11-18 10:53:18,I
c9c7905cffc4ef9ff9f113554423e671,6871,itapecerica da serra,SP,2017-06-02 09:41:21,I
aa17b35ce4de7b565be3249ba838944f,13214,jundiai,SP,2017-08-24 21:26:40,I
0887a9f087bcd5d9f6642b52f897fc6c,11990,cananeia,SP,2017-02-02 15:22:02,I
abc015ebac1d283a323ca9db35ede4b9,14055,ribeirao preto,SP,2017-02-10 10:31:39,I
00720abe85ba0859807595bbf045a33b,7070,guarulhos,SP,2018-01-27 13:46:31,I
75d34ebb1bd0bd7dde40dd507b8169c3,41820,salvador,BA,2017-01-11 15:18:25,I
e5e33c0d8e7e002f398f5dc4cbbb338f,17032,bauru,SP,2017-03-04 17:36:19,I
8f54d64f28a993550aa7943f12572959,35160,ipatinga,MG,2017-11-10 20:15:35,I
91f5779a8731baca4809fdeade81803f,27321,barra mansa,RJ,2017-11-14 18:14:55,I
13074f016982ff2bd6c58ced8682f000,95705,bento goncalves,RS,2017-11-02 20:58:23,I
bec568278124768c474ee90971ca94d1,3553,sao paulo,SP,2018-06-17 22:38:30,I
534a01cc6df1e034e05c32028a291fa2,13214,jundiai,SP,2017-08-16 19:24:28,I
cd3d09fbe6e3e9ff0c0ac0c300e93ae7,13380,nova odessa,SP,2018-06-27 12:13:43,I
57e632711dec9ec14ca7546769483e7e,88372,navegantes,SC,2017-02-05 23:17:55,I
cb3dd9ce66268c7a3ca7241ac70ab58c,3028,sao paulo,SP,2017-02-07 01:47:42,I
094ced053e257ae8cae57205592d6712,14095,ribeirao preto,SP,2018-04-04 20:43:55,I
9906e7aa42a3c067b7c9a564d01c4320,87065,maringa,PR,2018-02-05 08:47:14,I
1f1bb1f0859883505541bdd6606193e5,2124,sao paulo,SP,2017-04-05 21:01:30,I
4200ddf1967c5e41e48db62bc6d4b5ac,9710,sao bernardo do campo,SP,2017-08-20 19:18:04,I
ed9eef5be0992d413d251fadba1a410d,13845,mogi guacu,SP,2017-01-26 00:20:23,I
139157dd4daa45c25b0807ffff348363,3064,sao paulo,SP,2017-08-31 11:09:42,I
c1849d4d32d7a6cecd5aa471809d3135,9070,santo andre,SP,2018-08-04 12:56:08,I
64b87978a11c1ea7501a89eabe8c2c1a,19300,presidente bernardes,SP,2017-01-26 22:52:01,I
33ab10be054370c254ddfcf0a6253422,22790,rio de janeiro,RJ,2018-06-22 16:04:28,I
bff9deb0ec77d437f3305a79cf25529e,13481,limeira,SP,2018-06-23 07:13:25,I
3fefda3299e6dfaea3466ef346a3571a,82620,curitiba,PR,2017-08-11 10:15:22,I
236585a4ddb5fea9fa40233e2249ed91,95088,caxias do sul,RS,2017-11-05 15:36:10,I
499ec63c58e51296c9cf57edcfe1c8a8,2918,sao paulo,SP,2018-04-11 16:15:39,I
6f83d9e4da896daae20b9b6b2d3ff8d2,84925,pinhalao,PR,2018-03-22 10:15:19,I
35ef5aa32949680f627efec3c23e705c,88960,sombrio,SC,2017-03-28 09:06:23,I
403aa86912527d730337ffcb0fb096ab,30220,belo horizonte,MG,2017-01-30 13:13:59,I
ec8463980a4e0ea9f8517aea1ed0c419,88010,florianopolis,SC,2018-07-16 16:35:30,I
c847e075301870dd144a116762eaff9a,38022,uberaba,MG,2017-02-15 12:18:51,I
5ef131ac72773e5b3f6c0d63cf424657,14075,ribeirao preto,SP,2018-07-03 22:53:10,I
6cf476a4ca74498db55cbccdaa9dcfb6,2873,sao paulo,SP,2016-10-06 08:28:19,I
c447f8dd3ed213f291d65ef074a268eb,19802,assis,SP,2017-02-06 00:25:15,I
4736e9d642ef4257cd7622516931eb51,13424,piracicaba,SP,2017-11-16 15:50:27,I
a5cba26a62b8b4d0145b68b841e62e7f,87303,campo mourao,PR,2017-07-22 10:44:10,I
a1bea9970d8f65b240555f99c2214f7f,83323,pinhais,PR,2018-07-23 16:24:27,I
1025f0e2d44d7041d6cf58b6550e0bfa,3204,sao paulo,SP,2017-07-09 11:15:16,I
a5dd1946fb63ada8bcaa0c9cd8f11e22,55002,caruaru,PE,2017-09-08 14:15:39,I
c5f7feb04a6a1fb3596322bfc3cf1917,9571,sao caetano do sul,SP,2018-06-14 16:20:35,I
c3e1abd72a42fe690fcd89cf5720fe29,13840,mogi guacu,SP,2018-05-22 19:45:11,I
891071be6ba827b591264c90c2ae8a63,3872,sao paulo,SP,2017-01-24 21:16:24,I
491a5ada3aa1678414e990262c4bbdc1,4208,sao paulo,SP,2017-03-06 20:51:57,I
84deb808079d1be601c209c1e771b1cc,81200,curitiba,PR,2017-09-05 11:07:37,I
dd58ee93286b0821565574c570e9e1dc,81650,curitiba,PR,2017-01-30 17:05:18,I
9558aa23f77a9e0a0eca83540999f43b,86801,apucarana,PR,2017-05-02 11:31:55,I
3c4e0452bff7a2a788179488d3d77032,83408,colombo,PR,2017-12-05 10:08:56,I
ca5832c6960267b71041f74bb39e8b12,89820,xanxere,SC,2017-06-19 17:11:51,I
668bf321538e5072858eaef6087ce027,83323,pinhais,PR,2018-02-26 09:47:55,I
01266d4c46afa519678d16a8b683d325,80250,curitiba,PR,2018-08-02 16:07:38,I
6c99c983ce3b6ba0ab813e6790e81691,38400,uberlandia,MG,2018-05-31 22:54:21,I
6aa3928696eab49a19a466e665a649fd,26285,nova iguacu,RJ,2018-03-10 12:41:26,I
f8d5c7085db9a4ad2b8c1ffbeb2798c8,4104,sao paulo,SP,2017-03-30 11:59:33,I
7586919161935337bf6b6d7ff5779648,21921,rio de janeiro,RJ,2017-06-30 09:06:16,I
47f55702f598c7c6cc8458b0fbc1c49a,36213,dores de campos,MG,2017-09-15 09:57:51,I
50a7e551a7b3f8d37cd6e32d8bfbe5ea,9520,sao caetano do sul,SP,2018-07-24 22:15:53,I
ea1776927851da2532aa70d6a32c095a,8223,sao paulo,SP,2018-07-17 20:51:27,I
827f8f69dfa529c561901c4f2e0f332f,81880,curitiba,PR,2016-10-07 14:15:50,I
60ad151920c4f6f3ebbe8cfdf6166779,6322,carapicuiba,SP,2017-05-09 12:57:11,I
59fb871bf6f4522a87ba567b42dafecf,3655,sao paulo,SP,2016-10-06 10:13:53,I
fa74b2f3287d296e9fbd2cc80f2d1cf1,19023,presidente prudente,SP,2017-07-20 16:59:53,I
52454f90d4c30c016768db02f88c1a74,13091,campinas,SP,2018-05-14 21:28:52,I
a1043bafd471dff536d0c462352beb48,37175,ilicinea,MG,2017-02-14 10:44:33,I
3338e7a0710a195872be80e0d2423867,13403,piracicaba,SP,2017-04-08 01:34:18,I
8378eb36b6b70c5734e83ad7b8cdc3b7,88301,itajai,SC,2017-12-20 10:19:57,I
f7df46c1e0ec44eed5c6726478da4a17,93336,novo hamburgo,RS,2017-06-17 22:46:24,I
3fac58ce0ad699020c7944d53c41329c,3480,sao paulo,SP,2018-05-31 13:16:15,I
debe6615cd90cc0c2eac2b8988e1f628,4282,sao paulo,SP,2017-01-28 23:09:31,I
baa49d93c8c8841e27400a300f5d74b2,88113,sao jose,SC,2017-05-03 13:31:27,I
5ca5d579b5857ee8709479b1047cecc3,4176,sao paulo,SP,2018-01-13 17:32:09,I
3b872fd4747f01cc56206f2934198618,14940,ibitinga,SP,2017-11-27 16:23:47,I
a4fc6eadaff1576af888509a53420f6a,9561,sao caetano do sul,SP,2018-05-22 18:15:54,I
7402d13c03a7e91366337cd1de471144,86181,cambe,PR,2017-09-19 16:56:43,I
ff82e8873fba613f2261a9acc896fd84,35900,itabira,MG,2017-12-06 12:41:52,I
92eb0f42c21942b6552362b9b114707d,3504,sao paulo,SP,2017-02-05 18:47:13,I
f125f3a310c2e5f822d116147de1e474,3068,sao paulo,SP,2018-01-15 19:59:47,I
72146da5774cabf2632faedcae097a76,85960,marechal candido rondon,PR,2018-02-06 12:10:35,I
b9c0ffa92f3ff9a5a3d45ef7213c0842,8246,sao paulo,SP,2017-09-17 06:44:58,I
1d139e3a3b14025640d8df1b230aace0,14860,barrinha,SP,2017-09-13 12:24:18,I
883dd81e82754ac2c65e9790a7db8c9a,81070,curitiba,PR,2017-10-23 19:51:15,I
09883d9ab71c8fe8a9bfc7fc3075b07e,8180,sao paulo,SP,2017-04-25 17:46:45,I
2f1e7b90e01d9f086cbcb301c0c3d406,89022,blumenau,SC,2017-11-27 23:03:26,I
6bbcb8924baf70b7fe2fe2097e8cd407,89031,blumenau,SC,2017-11-13 12:19:18,I
8e4f041ff58e7845456d3482524014b3,90250,porto alegre,RS,2018-02-06 16:04:20,I
0ec28cec4046a4a199b6de9b4c891d97,74110,goiania,GO,2018-04-22 15:59:19,I
5debea795b07621e1f90532e18f96145,86800,apucarana,PR,2017-10-21 11:29:06,I
2709af9587499e95e803a6498a5a56e9,3813,sao paulo,SP,2017-02-15 22:32:29,I
bd43e172d599bed47a85da877172ca8c,89280,sao bento do sul,SC,2018-07-17 23:29:45,I
725c32fa80c2faacc4fc88450d27314e,3320,sao paulo,SP,2017-01-17 12:42:06,I
850913d59ce317156b00f3705f1c3edb,12942,atibaia,SP,2018-03-07 12:24:36,I
7354220fb240bde543b3c40c060d41e7,71215,brasilia,DF,2018-01-04 13:40:05,I
e8b3a3a38279a82f0e5d006d5e5b7d2c,87230,jussara,PR,2017-10-10 01:06:52,I
b17b679f4f5ce2e03ce6968c62648246,14090,ribeirao preto,SP,2016-10-05 09:19:46,I
43a1d4bab73b816e44ef4e4facd9f9b5,87050,maringa,PR,2017-02-20 16:17:04,I
dd264199fc8b687ad029de7de6d760e6,85815,cascavel,PR,2017-01-19 11:47:55,I
67225bff54a172ff67579aaf583efd78,85960,marechal candido rondon,PA,2017-09-15 10:34:54,I
baeda7047354773262ba2405f97038ba,13471,americana,SP,2017-09-30 07:55:03,I
167fd940acebc789debd6eb418c46e38,14405,franca,SP,2017-11-30 18:26:24,I
4ef4c39cf3c24f326434cf0b2e48046a,5004,sao paulo,SP,2018-01-18 19:22:23,I
ce616e1913288884e7742faac9d981db,6711,cotia,SP,2018-05-19 20:17:34,I
a1474fd46fd3430168f7ec202da39408,83321,pinhais,SP,2017-02-21 17:37:06,I
1b61fb1f0f2185d89e9a126c498e9cc7,87015,maringa,PR,2017-06-23 07:15:39,I
2ff6b7bff164ef05590a52734e1296da,86060,londrina,PR,2017-11-01 21:31:57,I
e4253cef933647000a82ff39c67b7bde,5856,sao paulo,SP,2017-05-07 22:55:53,I
3a3c180dd702a725bd0ba4117689239e,84600,uniao da vitoria,PR,2018-05-04 20:19:38,I
bce6a5ecf98e99fd2a8868b15c51f04b,7180,guarulhos,SP,2018-06-02 10:10:55,I
ea65d8b58316a6f2362f2a9e4b3e86ad,13030,campinas,SP,2018-03-01 16:43:57,I
686886775c8f6b1191c7b953fb52708c,13920,pedreira,SP,2018-06-26 05:48:19,I
0a85ebe4e328db81ac9109781205e2f7,13205,jundiai,SP,2018-05-11 10:18:31,I
1660ad786c27fd935378b6192a90b417,9891,sao bernardo do campo,SP,2017-08-17 10:06:55,I
0db783cfcd3b73998abc6e10e59a102f,11010,santos,SP,2016-10-08 20:02:32,I
52f9db5cfb423382a2fa5c9e39303202,19830,echapora,SP,2017-11-06 20:40:57,I
f307937c1bb287c3efc2a514b94b0d1d,38183,araxa,MG,2017-06-03 23:46:04,I
e88f7a2995ba184710d339c5c4bf2e30,15505,votuporanga,SP,2018-03-08 12:54:55,I
b76a1f8356322f12529c37b67d5c96c2,11015,santos,SP,2017-12-19 19:01:13,I
4aba6a02a788d3ec81c03137144d9a80,89460,canoinhas,SC,2018-01-16 14:09:55,I
9449f25aeaf531019b76999ea49a6949,21040,rio de janeiro,RJ,2017-06-08 22:00:07,I
431af27f296bc6519d890aa5a05fdb11,14110,ribeirao preto,SP,2017-04-26 18:11:15,I
53088c75f948b48a7ece173ac17f0c12,95840,triunfo,RS,2018-05-22 21:45:29,I
544863df86ed3b78a04e0820d41430ee,29166,serra,ES,2018-07-02 10:21:35,I
78ef7e885d17f35e2382a47aae8b8cce,96816,santa cruz do sul,RS,2017-02-15 15:54:35,I
0be8ff43f22e456b4e0371b2245e4d01,4461,sao paulo,SP,2017-05-09 10:57:58,I
1835b56ce799e6a4dc4eddc053f04066,14940,ibitinga,SP,2017-09-05 23:06:45,I
2e13c71026e1a39ba5cc1b86dcb679aa,2265,sao paulo,SP,2017-12-27 17:38:31,I
13d058e4eeac2ce8217660b2f8a05812,6080,osasco,SP,2017-05-11 18:25:16,I
e00d85ce20ea50c1224c66ca5050527d,6286,osasco,SP,2017-07-13 11:24:43,I
e48b04bf1aa1ef711caebeb7aede6180,80240,curitiba,PR,2017-01-26 18:33:10,I
f67efa3f0b6761102a7f8c6b7b571f5d,82300,curitiba,PR,2016-10-04 18:02:37,I
c273175f7c6c80fb02f051e2fc6d0d72,5849,sao paulo,SP,2017-01-25 16:25:03,I
382229d1e840115ffe3dbf5ff460e417,23092,rio de janeiro,RJ,2018-04-14 22:35:36,I
f09b760d23495ac9a7e00d29b769007c,15802,catanduva,SP,2016-10-03 16:56:50,I
5c243662ce92d84573bfaff24c3e3700,3702,sao paulo,SP,2017-01-28 23:45:53,I
38874e327ce94d11390b96eb42d61928,8577,itaquaquecetuba,SP,2016-10-08 10:31:00,I
ab3e0c171fe84a7ba7de130f19cfb485,86690,colorado,PR,2017-04-16 12:18:38,I
85e7c62c1d6ea078c3897424f867a7c8,88220,itapema,SC,2017-12-27 19:48:04,I
262237171f48e85819065498cac80d7b,88352,brusque,SC,2017-08-02 08:58:27,I
fd386aa7bed2af3c7035c65506c9b4a3,4208,sao paulo,SP,2018-02-23 10:29:24,I
b2f4d63c7203f539a78252565ca32257,28950,armacao dos buzios,RJ,2017-09-09 22:15:52,I
dd5450b022b2d00a2145a66331e1aef6,89208,joinville,SC,2018-06-29 12:16:28,I
ff4e2d38692ce827b1a4f4b8196e680d,3319,sao paulo,SP,2017-08-20 16:31:57,I
7963e546f34e098b578f9ad102494601,5624,sao paulo,SP,2017-11-05 18:19:24,I
1588ac4010787100dddef64568f0ae35,87045,maringa,PR,2017-12-22 20:35:38,I
41c2bad7229b0c25e6becf179ebf63ff,59020,natal,RN,2017-11-27 23:23:49,I
8b655f0855926bcb49f5835d38dfddf6,6192,osasco,SP,2018-05-13 12:51:15,I
a213f1bd6458f4a158f3746cb2514559,87043,maringa,PR,2018-05-30 16:20:16,I
1b7e5006cb25dd23ce8686691013b121,2350,sao paulo,SP,2017-09-30 12:48:45,I
4559697a8f7e637227c2eeaed843baff,19029,presidente prudente,SP,2017-02-14 16:20:34,I
4867209cb29b56b92893d7bde3ce8012,17209,jau,SP,2018-06-16 16:05:44,I
19a7c9f66ffa6452ff4b4c0cca71da27,85880,itaipulandia,PR,2017-09-30 16:14:28,I
6fa9202c10491e472dffd59a3e82b2a3,18030,sorocaba,SP,2018-07-30 10:04:21,I
20d53aad4fe5ee93a64f8839609d3586,37540,santa rita do sapucai,MG,2017-11-26 10:19:20,I
42fa4ee7240e9b8eb4576358ec142ba7,95012,caxias do sul,RS,2018-02-04 10:58:23,I
c8660dcf9ba70575f45d80fe28c27713,2040,sao paulo,SP,2017-02-07 13:59:49,I
253c025bab43881055aeecde5e2d8b77,80620,curitiba,PR,2017-11-23 18:36:14,I
7ecd59e5e20407131822c1a68ac59c1f,70719,brasilia,DF,2017-11-29 10:51:21,I
c026ef0d72e9132d9fa112308090c8dc,20766,rio de janeiro,RJ,2018-08-05 11:38:06,I
0b09101900100c0e9d312861fad5a1b9,3168,sao paulo,SP,2017-01-27 14:59:17,I
e8f6dc8e6a1dcde89d20e3995c8d90b3,3476,sao paulo,SP,2016-10-04 13:40:43,I
128f9bfbe4c7d5185033914b1de3d39a,12940,atibaia,SP,2017-09-13 17:44:20,I
a09a13f18ed27932d08438aa6f12756e,93800,sapiranga,RS,2017-10-28 19:17:28,I
81a1104df0f08b59c68aa5b03cfe398e,83020,sao jose dos pinhais,PR,2017-05-21 13:07:26,I
3f84fefc07dc159b268d4a77d3e8c425,83833,fazenda rio grande,PR,2018-05-07 10:20:46,I
750303a20e9c56b2a6bc45cdce0b897d,74333,goiania,GO,2017-09-06 21:43:47,I
f8db351d8c4c4c22c6835c19a46f01b0,13324,salto,SP,2017-01-25 22:46:24,I
0743a0239d764b9a0f959a57d07e36ab,3138,sao paulo,SP,2018-07-24 10:50:34,I
131fcb0a0c9a47bba4474aacff0f14b7,1201,sao paulo,SP,2018-06-03 19:44:12,I
1838dd9b8977065acf51d95e0053ea7a,30882,belo horizonte,MG,2017-07-28 09:06:33,I
1b8b75e227c9a9c100d0c210fb6176ce,5468,sao paulo,SP,2017-01-08 20:57:29,I
eb1bf309f4f6af9a97e9ddac3fdbeabe,9961,diadema,SP,2018-05-24 11:05:40,I
5d378b73ab7dd6f0418d743e5dcb0bd1,1026,sao paulo,SP,2017-10-09 12:55:44,I
39d54ff918774174706fb065d7f9dc07,4243,sao paulo,SP,2017-11-25 17:36:18,I
353e21e8bf8de2722b4fae1636664b76,92120,canoas,RS,2018-02-27 07:38:47,I
5b33b527da3c5b969cc99dc435cad09a,87702,paranavai,PR,2017-01-29 00:31:42,I
c9d2ba8dde44a275ae06475ed1d2fafc,38400,uberlandia,MG,2017-02-06 00:33:42,I
bf961104a38e01b9062ee026bb657dee,14055,ribeirao preto,SP,2017-02-02 13:51:50,I
1ca7077d890b907f89be8c954a02686a,6506,santana de parnaiba,SP,2017-09-15 13:53:55,I
89a51f50b8095ea78d5768f34c13a76f,71931,brasilia,DF,2018-04-24 15:34:42,I
3a490ba60afa30ece0e7d50cfe74a4f0,31365,belo horizonte,MG,2017-04-12 23:50:54,I
651fe66032c9520ee5587f694908040d,94810,alvorada,RS,2018-07-16 08:52:35,I
6d04126aba80df143fd038e711b8fd96,20091,rio de janeiro,RJ,2017-09-08 14:49:36,I
d566c37fa119d5e66c4e9052e83ee4ea,4131,sao paulo,SP,2018-03-16 14:11:50,I
62d977e2b2aee830de3e039a28490d12,80410,curitiba,PR,2018-01-03 11:20:29,I
010543a62bd80aa422851e79a3bc7540,1212,sao paulo,SP,2017-07-04 17:54:07,I
7178e1eaa97257d8b6d4b80efd77a025,18270,tatui,SP,2017-09-05 16:18:47,I
2199e7fe213c16213bf5d6a7eadc9a5d,11900,registro,SP,2016-10-10 09:57:05,I
984c273121e743dd14767befe6cb17f5,13474,americana,SP,2017-11-25 20:15:32,I
2b3e4a2a3ea8e01938cabda2a3e5cc79,4733,sao paulo,SP,2017-05-09 09:32:59,I
feb793c88d836c3a75efa4b5a3465d70,3165,sao paulo,SP,2018-03-23 19:26:13,I
e333046ce6517bd8bb510291d44f0130,18950,ipaussu,SP,2017-07-13 09:00:21,I
5a425cc503b39b262a847fd6212bf53b,86010,londrina,PR,2018-04-27 23:54:06,I
9535a841eecebed61a9fb1ac1cbb5597,1208,sao paulo,SP,2017-01-26 16:25:36,I
8f78f0903005064036736c7173a5c2ed,36325,tiradentes,MG,2017-04-12 11:35:01,I
9803a40e82e45418ab7fb84091af5231,75901,rio verde,GO,2018-05-19 10:45:27,I
43b2c864251aa0ce4030c746984e088a,71936,brasilia,DF,2018-07-28 15:35:20,I
83e197e95a1bbabc8c75e883ed016c47,25900,mage,RJ,2016-10-09 10:34:58,I
17908cf9b444ee34047cadd5c0f4a516,75124,anapolis,GO,2017-09-21 21:02:09,I
17eea220a40cc0d2c0c5346379682398,3565,sao paulo,SP,2017-09-14 10:29:33,I
270297ead4c65a6cd2593960d2af6b21,4696,sao paulo,SP,2017-03-15 19:48:58,I
5f0057b677eb963672bf05dfa3f16c34,1309,sao paulo,SP,2016-10-07 21:19:32,I
8185694b58b2ba6de20fd41ae608bbea,6764,tabao da serra,SP,2018-03-10 12:45:26,I
17f51e7198701186712e53a39c564617,3908,sao paulo,SP,2017-02-04 12:29:21,I
2addf05f476d0637864454e93ba673d5,70856,brasilia,DF,2017-08-03 14:06:43,I
b67d6c666e8dce1d078c882825e12704,3641,sao paulo,SP,2018-07-06 12:11:22,I
ead2bab70821ea148476ae9bc08548ac,31980,belo horizonte,MG,2017-10-04 16:29:59,I
fa14641f57b655e933124a9ea49cd7a5,1310,sao paulo,SP,2017-05-19 18:42:14,I
d1582f4043306e6b91afa6a8a884f898,3445,sao paulo,SP,2017-11-20 11:47:02,I
d263fa444c1504a75cbca5cc465f592a,13478,americana,SP,2018-07-24 09:46:27,I
f35b3c613c4f7b2275f4185d0a3c59ec,5417,sao paulo,SP,2018-02-28 07:37:29,I
655220df33262c7e0c4949a147366f94,9951,diadema,SP,2018-01-13 12:49:45,I
ad8b531ae67582f096925cff5630d0d1,84172,castro,PR,2017-04-23 12:01:53,I
499185655c29ecfdbfe776ef7cf875b5,90520,porto alegre,RS,2018-06-02 13:29:22,I
44f091b5abab8018f682fce8124b85e5,2281,sao paulo,SP,2017-09-11 07:12:41,I
7210cd29727d674c00741e5e387b3ccd,3279,sao paulo,SP,2018-06-10 13:08:26,I
f4ce8ca9fa7157e3b33f536ac9a4487d,16306,penapolis,SP,2018-07-16 08:45:31,I
0570350b23eda5444f8d1d9544932058,5104,sao paulo,SP,2018-04-12 23:43:37,I
de9727ca376d1be6ec121b110aa7954c,87114,sarandi,PR,2018-05-12 15:48:03,I
d3891911c2feae53c52fea2bd14054e5,6760,sao paulo,SP,2018-06-04 19:02:10,I
70a12e78e608ac31179aea7f8422044b,12327,jacarei,SP,2017-01-17 16:25:29,I
2eeb6531ee027a48d401e72bebdd87d3,12230,sao jose dos campos,SP,2017-02-07 17:16:26,I
c1ed9e3daf6154542826a6996af0fb8c,88308,itajai,SC,2017-08-15 20:57:47,I
d101c6da914ae3d53f7bee42283f2fe2,8072,sao paulo,SP,2016-10-05 08:46:55,I
a00824eb9093d40e589b940ec45c4eb0,18590,bofete,SP,2017-10-05 19:23:16,I
0015a82c2db000af6aaaf3ae2ecb0532,9080,santo andre,SP,2017-09-26 22:17:05,I
808d4348b916efa08e766ebad39f61eb,2336,sao paulo,SP,2018-07-07 19:45:17,I
fb3cfbc8a86f5d7fbb4d36b8df63f60d,21825,rio de janeiro,RJ,2018-06-11 23:08:00,I
80ceebb4ee9b31afb6c6a916a574a1e2,86026,londrina,PR,2018-07-25 18:10:17,I
2d2c62bef4c8ba0dd74e0e228e808539,14096,ribeirao preto,SP,2017-11-20 15:08:25,I
7c51de0ab286204ce75ff42bf7c10d92,88380,picarras,SC,2018-07-22 10:11:35,I
c1d1ebb4745cc43cb6f05e9c8a705c9a,8070,sao paulo,SP,2017-04-20 20:47:53,I
8def3db7f272735afb2ecd03aeca09a7,28035,rio de janeiro,RJ,2018-07-30 08:36:51,I
ff063b022a9a0aab91bad2c9088760b7,9171,santo andre,SP,2017-02-14 06:59:36,I
82bd0703a4aefd6b599e5bfdaed378fb,17510,marilia,SP,2016-10-04 23:45:54,I
7fe21dd00d2f4943ae09525efa2fd674,20551,rio de janeiro,RJ,2017-04-22 00:20:19,I
7ab0dd5487bab2dc835337b244f689fb,15013,sao jose do rio preto,SP,2017-04-05 17:58:30,I
12a8eb0f8d1cd3270695bf2a99f55966,4607,sao paulo,SP,2017-10-12 01:21:54,I
beadbee30901a7f61d031b6b686095ad,7097,guarulhos,SP,2018-05-28 18:47:40,I
bc39d8938f90a3a2b98193723ed59774,7791,cajamar,SP,2018-04-26 21:37:53,I
fd312b6bf05efac6c3772d5b52205d8a,18111,votorantim,SP,2017-03-29 17:44:04,I
df683dfda87bf71ac3fc63063fba369d,95180,farroupilha,RS,2017-03-13 20:17:10,I
25cf099de44674fde97473224f9d59ab,6716,cotia,SP,2017-06-06 11:52:48,I
7139dc5186aa238b006e066d8fbab2e4,13901,amparo,SP,2018-01-29 11:30:46,I
d94a40fd42351c259927028d163af842,37443,baependi,MG,2017-07-22 07:12:13,I
406740ee611378a662d274c7d8c43c4a,29056,vitoria,ES,2018-03-08 17:10:28,I
6bd503a8230299c9316fb0f726933927,75650,morrinhos,GO,2018-07-13 18:59:31,I
6576fd3e23c88f0e5d4d23f39bba0542,6766,taboao da serra,SP,2017-03-02 01:33:22,I
0885aaf116795758dfeb5f1032487bcd,8541,ferraz de vasconcelos,SP,2017-12-14 21:06:57,I
6288c69c4ce638e59925e59193f98b16,9010,santo andre,SP,2017-03-16 13:08:11,I
dfc5fb7259bb2b599ca565e6e9448f0f,9780,sao bernardo do campo,SP,2017-07-27 19:34:53,I
41958cbd3335433c8740300e8cd600d5,5051,sao paulo,SP,2018-06-04 19:22:19,I
3a3e46d10f74d8a6ca76e2b538f106a0,2522,sao paulo,SP,2018-02-05 16:41:52,I
2d2322d842118867781fc737e96d59a1,5879,sao paulo,SP,2018-06-08 10:35:03,I
e4fc40017a6d22c46a14ac2e17f87c3e,86702,arapongas,PR,2017-05-30 15:55:30,I
5a9b3bcab695173c820e53934574ae80,13320,salto,SP,2018-07-27 16:36:49,I
2bf6a2c1e71bbd29a4ad64e6d3c3629f,28615,nova friburgo,RJ,2017-11-02 13:11:26,I
7c4618c82226628831613e95e9c22f44,18136,sao roque,SP,2017-12-14 10:52:55,I
06579cb253ecd5a3a12a9e6eb6bf8f47,4007,sao paulo - sp,SP,2017-08-03 17:47:10,I
8ab42aa58097fd4668d60cc648225d5f,74150,goiania,GO,2017-10-11 09:18:23,I
4978a02ea9c8be7a9b5480680f40334e,8215,sao paulo,SP,2018-03-21 14:03:09,I
8e29d051f810eb22959ede205b462b9f,15131,mirassol,SP,2018-06-10 14:03:38,I
ccb83a794700270fde70898fe9ff368b,88960,sombrio,SC,2017-02-21 21:50:47,I
612a743d294c27884fb7b80d2b19ba35,80620,curitiba,PR,2017-01-25 12:49:36,I
cb6c9f5888a7a090c75beaf615925792,29100,vila velha,ES,2018-04-30 06:31:44,I
c12d7463a579237ffb9248bd7cff378b,8275,sao paulo,SP,2016-10-06 13:16:56,I
fe701d88b67eaca109dffd464d1be9f9,24900,marica,RJ,2017-11-21 23:13:30,I
46dc3b2cc0980fb8ec44634e21d2718e,22240,rio de janeiro,RJ,2016-10-04 21:25:32,I
fedaedd3ca31d56ab33e92035e4b361c,24310,niteroi,RJ,2016-10-06 20:06:26,I
dbc51f5e45d654ecc16cb68e6817ecea,14402,franca,SP,2017-02-24 22:28:55,I
630008e0f062605a415d694489f6f82e,1026,sao paulo,SP,2018-07-23 09:52:09,I
58f1a6197ed863543e0136bdedb3fce2,36407,conselheiro lafaiete,MG,2018-05-10 20:49:54,I
df56d7b40d437f88407c5f78b63bc328,85812,cascavel,PR,2017-10-19 10:05:02,I
165fc07beebdcb6190fba8a06db2a449,87015,maringa,PR,2017-08-07 10:21:18,I
0691148aee60ca47977c187804f935ae,86010,londrina,PR,2017-11-24 15:13:24,I
cac876b37d3abcd6bd76caca30277996,85816,cascavel,PR,2018-02-13 12:38:05,I
9ac4f14370b1e24ddc58be041b7f99df,76330,jaragua,GO,2018-02-24 23:39:56,I
70eea00b476a314817cefde4aad4f89a,13250,itatiba,SP,2017-02-09 15:32:27,I
282c7480173bb9c01dd41cc739fec010,4795,sao paulo,SP,2017-08-07 21:25:10,I
c840d3fdbba0790404fdae73d253b253,81530,curitiba,PR,2017-10-21 09:09:48,I
4f40d2ed38d1cc945364a7cd202a82c7,2337,sao paulo,SP,2017-11-25 15:23:14,I
9cad4b68bb993ee401a3c5aaa2bc26dd,16200,birigui,SP,2018-01-16 10:17:13,I
dbbcfe2c8d026742134ac3e28ccde274,81630,curitiba,PR,2017-07-25 09:07:16,I
2fdde51ad3e12f297da656d4fbd5d0b5,89228,joinville,SC,2017-04-17 19:55:27,I
7040e82f899a04d1b434b795a43b4617,1026,sao paulo,SP,2017-09-12 22:20:18,I
83a75eea11694e36e56dd0cb2240229a,13905,amparo,SP,2018-02-25 20:10:26,I
a1544b9ea0b2390e020537d4daa89049,13211,jundiai,SP,2017-02-17 01:16:37,I
b8a0adc91af209270c2c725168eb00fd,14940,ibitinga,SP,2018-04-16 19:54:11,I
20b54c376b794ed028df09a3cd88e8dc,9560,sao caetano do sul,SP,2017-09-16 17:56:07,I
5415337f1863452476d42d9f14a16a61,30840,belo horizonte,MG,2018-08-04 18:07:07,I
3fe7120d6257285ac6a3ce7cb071ccec,35044,governador valadares,MG,2018-01-05 09:35:30,I
7daca0837f033a41a6f3428c18657533,15170,tanabi,SP,2018-04-19 15:47:11,I
d66c305afaec317ebee552073a674429,33936,ribeirao das neves,MG,2017-01-11 00:13:51,I
adbe70ab2c97442046d393988c8d1d27,9321,maua,SP,2017-09-07 13:07:38,I
74c7dec0a384d8a05950e629bd23bde9,13845,mogi guacu,SP,2017-07-05 17:24:19,I
42bde9fef835393bb8a8849cb6b7f245,71551,brasilia,DF,2017-07-06 20:25:32,I
89bc797e2e29667aa035d4368f9b7f92,2969,sao paulo,SP,2016-10-05 13:12:43,I
f9eedec3129e8cc6b6429c42d0808c5b,22793,"rio de janeiro, rio de janeiro, brasil",RJ,2018-07-24 21:30:17,I
66922902710d126a0e7d26b0e3805106,31842,belo horizonte,MG,2017-05-14 21:11:45,I
32f1bb9dfa65bc7df5c0d9d95a616be4,4705,sao paulo,SP,2018-03-18 23:47:19,I
05f51e13da97139648b8125c31e5f51b,31910,belo horizonte,MG,2017-07-10 16:09:38,I
c43d924a0f1688ee9fae0efcd6f539d4,20710,rio de janeiro,RJ,2016-10-09 23:50:37,I
91543f9849d68d023e17194926598543,89041,blumenau,SC,2017-08-04 19:02:19,I
3ded4e2d5f135cb103e5949d7263d2dd,37550,pouso alegre,MG,2018-02-15 15:37:34,I
7d456afc660226829370f3173d14520c,8820,mogi das cruzes,SP,2016-10-06 08:58:04,I
1900267e848ceeba8fa32d80c1a5f5a8,14940,ibitinga,SP,2017-05-17 22:01:53,I
4ce6e5f6c52515177e18c1c9361d8677,9895,sao bernardo do campo,SP,2018-07-16 22:08:56,I
157c3e4b42f81ac4a44e8b1ca2fe9876,3211,sao paulo,SP,2017-10-19 22:49:04,I
9fbd5666d8618fa571c4230fafa09bd6,4360,sao paulo,SP,2017-08-30 18:44:19,I
eb9cd5b35d95206585e2185318cb5c61,3064,sao paulo,SP,2018-06-21 12:24:00,I
08d2d642cf72b622b14dde1d2f5eb2f5,17512,marilia,SP,2017-02-12 21:40:53,I
525e75a6fb1454a2325ab1734bcec221,6453,barueri,SP,2017-04-13 10:14:47,I
0e982cff76cc0579f632cea8a0e38c9d,88316,itajai,SC,2017-09-26 12:57:49,I
bc30de0d71bd6260b936a026b5cf7200,13920,pedreira,SP,2018-04-11 16:10:27,I
014c0679dd340a0e338872e7ec85666a,35180,timoteo,MG,2017-01-26 00:20:22,I
78ba5933c21686d1c2f64669c8c459e7,8810,mogi das cruzes,SP,2017-03-20 13:55:36,I
6ee85be3693ed79a8e80718743d80655,3937,sao paulo,SP,2017-01-19 11:26:57,I
63272377184e969942f7fff221be858d,3340,sao paulo,SP,2017-05-18 11:19:11,I
d5ba419e26d246a0719437cf37d9b46d,3437,sao paulo,SP,2017-05-05 18:30:01,I
15aac934c58d886785ac1b17953ea898,29480,muqui,ES,2017-10-19 19:59:44,I
0b36063d5818f81ccb94b54adfaebbf5,89255,jaragua do sul,SC,2017-01-30 21:44:49,I
f789d2c4f2c2eb38fc4373e7a4b35264,36010,juiz de fora,MG,2017-04-04 22:29:47,I
fcf16b7a8697e559f0123190bb30177d,3679,sao paulo,SP,2018-02-18 18:41:59,I
7f5e4d5efad7e44b91115dd1decb65f3,12306,jacarei / sao paulo,SP,2018-05-07 12:46:18,I
299c89a525fee36c567f4fe72f038100,63540,varzea alegre,CE,2018-07-01 22:22:57,I
87b740daf17b5d1be335a64164ec6842,8615,suzano,SP,2016-10-06 13:24:15,I
d4f91e8be86b38da2ee35bc489645a9d,12512,guaratingueta,SP,2016-10-08 09:50:08,I
eb3071b9f0b0ddaa2df5ea130f09f26b,4281,sao paulo,SP,2017-02-15 11:20:36,I
7b3f6ce5c6c22e9b96e7581ebf0df6e1,13710,tambau,SP,2017-12-09 19:07:28,I
31da954dc0855f2495c6310f70a2f931,13601,araras,SP,2017-09-10 20:50:42,I
63b9ae557efed31d1f7687917d248a8d,13720,sao jose do rio pardo,SP,2016-10-05 11:44:41,I
ef9952469137ff190bacafe117f51537,38022,uberaba,MG,2017-03-10 12:46:23,I
c18309219e789960add0b2255ca4b091,20521,rio de janeiro,RJ,2017-12-05 13:49:27,I
4a82168aaef173cbb6e46ae88728f919,84500,irati,PR,2018-07-13 15:26:30,I
17e34d8224d27a541263c4c64b11a56b,14085,riberao preto,SP,2017-02-16 23:14:15,I
e2aee0892199b1d92530e371abd825bf,86600,rolandia,PR,2017-01-12 00:06:12,I
870d0118f7a9d85960f29ad89d5d989a,37708,pocos de caldas,MG,2017-04-08 20:38:00,I
eb9267cccc90f1b49c8d2f9887c7dd97,52011,recife,PE,2018-05-06 21:44:22,I
5de1c80811ce7007f62f00d971236c09,88063,florianopolis,SC,2018-07-03 15:09:35,I
ec8879960bd2221d5c32f8e12f7da711,13253,itatiba,SP,2017-05-16 22:35:38,I
586a871d4f1221763fddb6ceefdeb95e,90630,porto alegre,RS,2017-01-26 23:20:31,I
a35124e2d763d7ca3fbe3b97d143200f,4041,sao paulo,SP,2017-03-15 10:37:21,I
9198786624eaeb375793215cad26cfa6,89136,rodeio,SC,2017-02-02 19:59:34,I
fe1b067411b8c5066e962aa146ccee03,19020,presidente prudente,SP,2018-07-24 13:41:59,I
6b9b80d53ba3676eafe60268a810b5a1,31160,belo horizonte,SP,2017-02-01 08:42:45,I
a938325a4b357fd23a6a4d5bb126408e,26510,nilopolis,RJ,2017-09-15 15:51:25,I
f1b854361f4e15d5851b494df66f22b2,20020,rio de janeiro,RJ,2018-04-15 17:02:51,I
3d49bfdd1b43a7fe169b3740067acc61,39400,montes claros,MG,2018-06-30 01:23:27,I
9df5750209b83567ec144eb299d7d634,93032,sao leopoldo,RS,2016-10-07 08:28:42,I
3d62f86afa7c73be2628a3be1423f5a0,12327,jacarei,SP,2017-12-13 21:25:36,I
497709c2976a8fa308730a2dec5b0726,9981,diadema,SP,2018-07-19 19:22:05,I
e73bf2cea7fe4b0b4d287a7568ed1099,89812,chapeco,SC,2018-07-29 19:40:38,I
778323240ce2830d68aab11794e00bfb,13600,sao paulo,SP,2018-06-25 11:31:42,I
2493dc3f20131696a0ecdb9948051a8d,71065,brasilia,DF,2017-01-24 17:09:24,I
a3dd39f583bc80bd8c5901c95878921e,41342,salvador,BA,2017-08-23 08:26:50,I
4342d4b2ba6b161468c63a7e7cfce593,22793,rio de janeiro,RJ,2017-12-23 14:20:57,I
06df0c10d34e459d9672bc77388742eb,87045,maringa,PR,2018-03-16 13:58:32,I
89757206b887aed36f3e18d858460fea,3121,sao paulo,SP,2018-05-03 11:45:49,I
d8b8f2cf9ff6ba0389072541cb42498c,73813,formosa,GO,2018-05-23 10:49:50,I
3c03b12bab54d8b37d79d914bfdb1aa0,25561,sao joao de meriti,RJ,2017-12-23 22:45:28,I
9d5a9018aee56acb367ba9c3f05d1d6a,74930,aparecida de goiania,GO,2017-03-11 19:59:25,I
f9244d45189d3a3605499abddeade7d5,3029,sao paulo,SP,2017-02-07 22:29:03,I
2b3b9ce054da76a7428df143a567b156,3572,sao paulo,SP,2018-06-17 15:59:39,I
198c7ea11960a9844b544d9bcdca860c,37590,jacutinga,MG,2017-01-26 13:14:02,I
a478c7961d6a992065b24e63b366f90b,89036,blumenau,SC,2017-02-09 09:33:26,I
30c7f28fd3a5897b2c82d152bb760c17,24020,niteroi,RJ,2017-04-22 13:55:16,I
66e0557ecc2b4dbea057e93f215f68d8,4771,sao paulo,SP,2017-05-24 18:43:12,I
be1e9e378700cecaa4ebf71433d7915c,14025,ribeirao preto,SP,2017-11-19 11:04:14,I
21e83881401b92b49fb09a16d3852291,38405,uberlandia,MG,2017-03-09 23:39:26,I
55c96925041a14097b6a7825554f4ad5,2122,sao paulo,SP,2017-03-23 19:12:49,I
918f6fbcf3ab724d805867303e593a1b,13273,valinhos,SP,2017-02-20 21:44:03,I
daeb5653dd96c1b11860f72209795012,31310,belo horizonte,MG,2017-09-07 16:56:45,I
228e4c1a0be164f613d41c24345f9d2c,86360,bandeirantes,PR,2018-05-07 13:31:20,I
5145090ab595c0d0b8557199f5701fbf,82900,curitiba,PR,2018-03-15 16:04:46,I
87e24fc7052259b1f7f607d61c10d8be,5734,sao paulo,SP,2018-05-15 13:18:27,I
d66c11a9572221d92fbb8c4897db5f9b,20770,rio de janeiro,RJ,2018-06-23 22:12:28,I
e2c92f9c1c7746d899d18f2e158bbff7,15054,sao jose do rio preto,SP,2018-04-18 22:14:34,I
ea67327e24487bdfac5fbfa37ea124df,14940,ibitinga,SP,2018-01-07 23:08:30,I
db6a4d4b5f1f5f98820ce6ce2619e2de,2968,sao paulo,SP,2018-01-08 16:50:16,I
1d1bbb8ac1581824986f582583fff01d,89082,indaial,SC,2018-04-27 10:01:33,I
f90f77ef2799a27f80d90c425ca944f7,86020,londrina,PR,2018-05-15 08:42:18,I
bbf4a892cac7b82422baa711dffb8997,82200,curitiba,PR,2018-06-11 11:35:34,I
39f776d2974049026ff531fc42ef2a3e,74835,goiania,GO,2018-01-12 18:17:38,I
c70c1b0d8ca86052f45a432a38b73958,13186,hortolandia,SP,2018-04-06 17:12:41,I
9e6967d3cf386d284251784b18ccb485,9550,sao caetano do sul,SP,2018-06-12 20:43:08,I
747e73c01a4593d4cf60dcf970fd2689,55602,vitoria de santo antao,PE,2018-03-01 08:17:59,I
63704069d9bd3a75c1cf59babe56004a,13212,jundiai,SP,2018-06-08 12:00:50,I
4e2627090e6e5b9fabba883a37897683,31565,belo horizonte,MG,2018-01-14 21:52:31,I
61b18775be84fb700a6b2d0ba097bf66,14808,araraquara,SP,2018-04-16 20:07:20,I
95cca791657aabeff15a07eb152d7841,85950,palotina,PR,2018-06-30 23:22:38,I
dde698c6d0bd24834c586e5111c2bba7,25755,petropolis,RJ,2018-07-30 02:16:14,I
e94b64dc6979b302a5a5be1662c83bb6,6852,itapecerica da serra,SP,2018-07-01 12:21:19,I
15ead3a5037a918ddb520dfe39a3d2b9,36401,conselheiro lafaiete,MG,2018-01-22 13:48:41,I
9d489893ff6af05029671b785f54b998,13613,leme,SP,2017-06-22 17:19:09,I
725af026f869236a8dd0ceb98564d156,35530,claudio,MG,2017-10-22 11:20:45,I
f00f5b35d0abcacbdd863672f4bb2c1a,1238,sao paulo,SP,2017-05-27 14:15:33,I
7bac63f6603d382cc8d0832eb6c100a8,5713,sao paulo,SP,2017-11-04 09:09:12,I
f1fdf2d13186575751aa25876536d85c,5314,sao paulo,SP,2018-03-29 21:39:51,I
98dddbc4601dd4443ca174359b237166,87111,sarandi,PR,2018-07-13 14:29:51,I
f8201cab383e484733266d1906e2fdfa,88137,palhoca,SC,2017-06-17 15:21:29,I
74871d19219c7d518d0090283e03c137,4650,sao paulo,SP,2018-04-05 16:56:38,I
e603cf3fec55f8697c9059638d6c8eb5,96080,pelotas,RS,2017-02-07 11:32:53,I
9e25199f6ef7e7c347120ff175652c3b,12051,taubate,SP,2017-03-27 09:59:40,I
